Workbook

Sheet 입력
A1: 노란 칸에 사전·사후 값만 입력하세요. 집단: 1=실험군, 2=통제군. 측정하지 않은 값은 빈칸(0 아님). FMS 하위항목은 최종 항목 점수(좌우 중 낮은 점수, 통증 시 0점)를 입력합니다. 하위항목이 없으면 비워 두셔도 됩니다. 결과는 '결과' 시트에 자동으로 계산됩니다.
A2: ID | B2: 집단 1=실험 2=통제 | C2: VO2max (mL/kg/min) | E2: FMS 총점 (0–21) | G2: Deep Squat | I2: Hurdle Step | K2: In-line Lunge | M2: Shoulder Mobility | O2: Active Straight Leg Raise | Q2: Trunk Stability Push-up | S2: Rotary Stability | U2: 하위항목 합 (자동) | W2: 자동 점검
C3: 사전 | D3: 사후 | E3: 사전 | F3: 사후 | G3: 사전 | H3: 사후 | I3: 사전 | J3: 사후 | K3: 사전 | L3: 사후 | M3: 사전 | N3: 사후 | O3: 사전 | P3: 사후 | Q3: 사전 | R3: 사후 | S3: 사전 | T3: 사후 | U3: 사전 | V3: 사후
A4: 예시 | B4: (예시) | C4: 45 | D4: 47.5 | E4: 13 | F4: 15 | G4: 2 | H4: 3 | I4: 2 | J4: 2 | K4: 2 | L4: 3 | M4: 2 | N4: 2 | O4: 2 | P4: 2 | Q4: 2 | R4: 2 | S4: 1 | T4: 1 | U4: =IF(COUNT(G4,I4,K4,M4,O4,Q4,S4)=7,SUM(G4,I4,K4,M4,O4,Q4,S4),"") | V4: =IF(COUNT(H4,J4,L4,N4,P4,R4,T4)=7,SUM(H4,J4,L4,N4,P4,R4,T4),"") | W4: =IF(A4="","",TRIM(IF(AND(ISNUMBER(U4),ISNUMBER(E4)),IF(U4<>E4,"사전: FMS 총점≠하위항목 합 ",""),"")&IF(AND(ISNUMBER(V4),ISNUMBER(F4)),IF(V4<>F4,"사후: FMS 총점≠하위항목 합 ",""),"")&IF(ISNUMBER(E4),IF(E4<>INT(E4),"사전 총점 정수 아님 ",""),"")&IF(ISNUMBER(F4),IF(F4<>INT(F4),"사후 총점 정수 아님 ",""),"")&IF(AND(COUNT(G4,I4,K4,M4,O4,Q4,S4)>0,COUNT(G4,I4,K4,M4,O4,Q4,S4)<7),"사전 하위항목 일부 빈칸 ","")&IF(AND(COUNT(H4,J4,L4,N4,P4,R4,T4)>0,COUNT(H4,J4,L4,N4,P4,R4,T4)<7),"사후 하위항목 일부 빈칸 ","")))
A5: E01 | B5: 1 | U5: =IF(COUNT(G5,I5,K5,M5,O5,Q5,S5)=7,SUM(G5,I5,K5,M5,O5,Q5,S5),"") | V5: =IF(COUNT(H5,J5,L5,N5,P5,R5,T5)=7,SUM(H5,J5,L5,N5,P5,R5,T5),"") | W5: =IF(A5="","",TRIM(IF(AND(ISNUMBER(U5),ISNUMBER(E5)),IF(U5<>E5,"사전: FMS 총점≠하위항목 합 ",""),"")&IF(AND(ISNUMBER(V5),ISNUMBER(F5)),IF(V5<>F5,"사후: FMS 총점≠하위항목 합 ",""),"")&IF(ISNUMBER(E5),IF(E5<>INT(E5),"사전 총점 정수 아님 ",""),"")&IF(ISNUMBER(F5),IF(F5<>INT(F5),"사후 총점 정수 아님 ",""),"")&IF(AND(COUNT(G5,I5,K5,M5,O5,Q5,S5)>0,COUNT(G5,I5,K5,M5,O5,Q5,S5)<7),"사전 하위항목 일부 빈칸 ","")&IF(AND(COUNT(H5,J5,L5,N5,P5,R5,T5)>0,COUNT(H5,J5,L5,N5,P5,R5,T5)<7),"사후 하위항목 일부 빈칸 ","")))
A6: E02 | B6: 1 | U6: =IF(COUNT(G6,I6,K6,M6,O6,Q6,S6)=7,SUM(G6,I6,K6,M6,O6,Q6,S6),"") | V6: =IF(COUNT(H6,J6,L6,N6,P6,R6,T6)=7,SUM(H6,J6,L6,N6,P6,R6,T6),"") | W6: =IF(A6="","",TRIM(IF(AND(ISNUMBER(U6),ISNUMBER(E6)),IF(U6<>E6,"사전: FMS 총점≠하위항목 합 ",""),"")&IF(AND(ISNUMBER(V6),ISNUMBER(F6)),IF(V6<>F6,"사후: FMS 총점≠하위항목 합 ",""),"")&IF(ISNUMBER(E6),IF(E6<>INT(E6),"사전 총점 정수 아님 ",""),"")&IF(ISNUMBER(F6),IF(F6<>INT(F6),"사후 총점 정수 아님 ",""),"")&IF(AND(COUNT(G6,I6,K6,M6,O6,Q6,S6)>0,COUNT(G6,I6,K6,M6,O6,Q6,S6)<7),"사전 하위항목 일부 빈칸 ","")&IF(AND(COUNT(H6,J6,L6,N6,P6,R6,T6)>0,COUNT(H6,J6,L6,N6,P6,R6,T6)<7),"사후 하위항목 일부 빈칸 ","")))
A7: E03 | B7: 1 | U7: =IF(COUNT(G7,I7,K7,M7,O7,Q7,S7)=7,SUM(G7,I7,K7,M7,O7,Q7,S7),"") | V7: =IF(COUNT(H7,J7,L7,N7,P7,R7,T7)=7,SUM(H7,J7,L7,N7,P7,R7,T7),"") | W7: =IF(A7="","",TRIM(IF(AND(ISNUMBER(U7),ISNUMBER(E7)),IF(U7<>E7,"사전: FMS 총점≠하위항목 합 ",""),"")&IF(AND(ISNUMBER(V7),ISNUMBER(F7)),IF(V7<>F7,"사후: FMS 총점≠하위항목 합 ",""),"")&IF(ISNUMBER(E7),IF(E7<>INT(E7),"사전 총점 정수 아님 ",""),"")&IF(ISNUMBER(F7),IF(F7<>INT(F7),"사후 총점 정수 아님 ",""),"")&IF(AND(COUNT(G7,I7,K7,M7,O7,Q7,S7)>0,COUNT(G7,I7,K7,M7,O7,Q7,S7)<7),"사전 하위항목 일부 빈칸 ","")&IF(AND(COUNT(H7,J7,L7,N7,P7,R7,T7)>0,COUNT(H7,J7,L7,N7,P7,R7,T7)<7),"사후 하위항목 일부 빈칸 ","")))
A8: E04 | B8: 1 | U8: =IF(COUNT(G8,I8,K8,M8,O8,Q8,S8)=7,SUM(G8,I8,K8,M8,O8,Q8,S8),"") | V8: =IF(COUNT(H8,J8,L8,N8,P8,R8,T8)=7,SUM(H8,J8,L8,N8,P8,R8,T8),"") | W8: =IF(A8="","",TRIM(IF(AND(ISNUMBER(U8),ISNUMBER(E8)),IF(U8<>E8,"사전: FMS 총점≠하위항목 합 ",""),"")&IF(AND(ISNUMBER(V8),ISNUMBER(F8)),IF(V8<>F8,"사후: FMS 총점≠하위항목 합 ",""),"")&IF(ISNUMBER(E8),IF(E8<>INT(E8),"사전 총점 정수 아님 ",""),"")&IF(ISNUMBER(F8),IF(F8<>INT(F8),"사후 총점 정수 아님 ",""),"")&IF(AND(COUNT(G8,I8,K8,M8,O8,Q8,S8)>0,COUNT(G8,I8,K8,M8,O8,Q8,S8)<7),"사전 하위항목 일부 빈칸 ","")&IF(AND(COUNT(H8,J8,L8,N8,P8,R8,T8)>0,COUNT(H8,J8,L8,N8,P8,R8,T8)<7),"사후 하위항목 일부 빈칸 ","")))
A9: E05 | B9: 1 | U9: =IF(COUNT(G9,I9,K9,M9,O9,Q9,S9)=7,SUM(G9,I9,K9,M9,O9,Q9,S9),"") | V9: =IF(COUNT(H9,J9,L9,N9,P9,R9,T9)=7,SUM(H9,J9,L9,N9,P9,R9,T9),"") | W9: =IF(A9="","",TRIM(IF(AND(ISNUMBER(U9),ISNUMBER(E9)),IF(U9<>E9,"사전: FMS 총점≠하위항목 합 ",""),"")&IF(AND(ISNUMBER(V9),ISNUMBER(F9)),IF(V9<>F9,"사후: FMS 총점≠하위항목 합 ",""),"")&IF(ISNUMBER(E9),IF(E9<>INT(E9),"사전 총점 정수 아님 ",""),"")&IF(ISNUMBER(F9),IF(F9<>INT(F9),"사후 총점 정수 아님 ",""),"")&IF(AND(COUNT(G9,I9,K9,M9,O9,Q9,S9)>0,COUNT(G9,I9,K9,M9,O9,Q9,S9)<7),"사전 하위항목 일부 빈칸 ","")&IF(AND(COUNT(H9,J9,L9,N9,P9,R9,T9)>0,COUNT(H9,J9,L9,N9,P9,R9,T9)<7),"사후 하위항목 일부 빈칸 ","")))
A10: E06 | B10: 1 | U10: =IF(COUNT(G10,I10,K10,M10,O10,Q10,S10)=7,SUM(G10,I10,K10,M10,O10,Q10,S10),"") | V10: =IF(COUNT(H10,J10,L10,N10,P10,R10,T10)=7,SUM(H10,J10,L10,N10,P10,R10,T10),"") | W10: =IF(A10="","",TRIM(IF(AND(ISNUMBER(U10),ISNUMBER(E10)),IF(U10<>E10,"사전: FMS 총점≠하위항목 합 ",""),"")&IF(AND(ISNUMBER(V10),ISNUMBER(F10)),IF(V10<>F10,"사후: FMS 총점≠하위항목 합 ",""),"")&IF(ISNUMBER(E10),IF(E10<>INT(E10),"사전 총점 정수 아님 ",""),"")&IF(ISNUMBER(F10),IF(F10<>INT(F10),"사후 총점 정수 아님 ",""),"")&IF(AND(COUNT(G10,I10,K10,M10,O10,Q10,S10)>0,COUNT(G10,I10,K10,M10,O10,Q10,S10)<7),"사전 하위항목 일부 빈칸 ","")&IF(AND(COUNT(H10,J10,L10,N10,P10,R10,T10)>0,COUNT(H10,J10,L10,N10,P10,R10,T10)<7),"사후 하위항목 일부 빈칸 ","")))
A11: E07 | B11: 1 | U11: =IF(COUNT(G11,I11,K11,M11,O11,Q11,S11)=7,SUM(G11,I11,K11,M11,O11,Q11,S11),"") | V11: =IF(COUNT(H11,J11,L11,N11,P11,R11,T11)=7,SUM(H11,J11,L11,N11,P11,R11,T11),"") | W11: =IF(A11="","",TRIM(IF(AND(ISNUMBER(U11),ISNUMBER(E11)),IF(U11<>E11,"사전: FMS 총점≠하위항목 합 ",""),"")&IF(AND(ISNUMBER(V11),ISNUMBER(F11)),IF(V11<>F11,"사후: FMS 총점≠하위항목 합 ",""),"")&IF(ISNUMBER(E11),IF(E11<>INT(E11),"사전 총점 정수 아님 ",""),"")&IF(ISNUMBER(F11),IF(F11<>INT(F11),"사후 총점 정수 아님 ",""),"")&IF(AND(COUNT(G11,I11,K11,M11,O11,Q11,S11)>0,COUNT(G11,I11,K11,M11,O11,Q11,S11)<7),"사전 하위항목 일부 빈칸 ","")&IF(AND(COUNT(H11,J11,L11,N11,P11,R11,T11)>0,COUNT(H11,J11,L11,N11,P11,R11,T11)<7),"사후 하위항목 일부 빈칸 ","")))
A12: E08 | B12: 1 | U12: =IF(COUNT(G12,I12,K12,M12,O12,Q12,S12)=7,SUM(G12,I12,K12,M12,O12,Q12,S12),"") | V12: =IF(COUNT(H12,J12,L12,N12,P12,R12,T12)=7,SUM(H12,J12,L12,N12,P12,R12,T12),"") | W12: =IF(A12="","",TRIM(IF(AND(ISNUMBER(U12),ISNUMBER(E12)),IF(U12<>E12,"사전: FMS 총점≠하위항목 합 ",""),"")&IF(AND(ISNUMBER(V12),ISNUMBER(F12)),IF(V12<>F12,"사후: FMS 총점≠하위항목 합 ",""),"")&IF(ISNUMBER(E12),IF(E12<>INT(E12),"사전 총점 정수 아님 ",""),"")&IF(ISNUMBER(F12),IF(F12<>INT(F12),"사후 총점 정수 아님 ",""),"")&IF(AND(COUNT(G12,I12,K12,M12,O12,Q12,S12)>0,COUNT(G12,I12,K12,M12,O12,Q12,S12)<7),"사전 하위항목 일부 빈칸 ","")&IF(AND(COUNT(H12,J12,L12,N12,P12,R12,T12)>0,COUNT(H12,J12,L12,N12,P12,R12,T12)<7),"사후 하위항목 일부 빈칸 ","")))
A13: E09 | B13: 1 | U13: =IF(COUNT(G13,I13,K13,M13,O13,Q13,S13)=7,SUM(G13,I13,K13,M13,O13,Q13,S13),"") | V13: =IF(COUNT(H13,J13,L13,N13,P13,R13,T13)=7,SUM(H13,J13,L13,N13,P13,R13,T13),"") | W13: =IF(A13="","",TRIM(IF(AND(ISNUMBER(U13),ISNUMBER(E13)),IF(U13<>E13,"사전: FMS 총점≠하위항목 합 ",""),"")&IF(AND(ISNUMBER(V13),ISNUMBER(F13)),IF(V13<>F13,"사후: FMS 총점≠하위항목 합 ",""),"")&IF(ISNUMBER(E13),IF(E13<>INT(E13),"사전 총점 정수 아님 ",""),"")&IF(ISNUMBER(F13),IF(F13<>INT(F13),"사후 총점 정수 아님 ",""),"")&IF(AND(COUNT(G13,I13,K13,M13,O13,Q13,S13)>0,COUNT(G13,I13,K13,M13,O13,Q13,S13)<7),"사전 하위항목 일부 빈칸 ","")&IF(AND(COUNT(H13,J13,L13,N13,P13,R13,T13)>0,COUNT(H13,J13,L13,N13,P13,R13,T13)<7),"사후 하위항목 일부 빈칸 ","")))
A14: E10 | B14: 1 | U14: =IF(COUNT(G14,I14,K14,M14,O14,Q14,S14)=7,SUM(G14,I14,K14,M14,O14,Q14,S14),"") | V14: =IF(COUNT(H14,J14,L14,N14,P14,R14,T14)=7,SUM(H14,J14,L14,N14,P14,R14,T14),"") | W14: =IF(A14="","",TRIM(IF(AND(ISNUMBER(U14),ISNUMBER(E14)),IF(U14<>E14,"사전: FMS 총점≠하위항목 합 ",""),"")&IF(AND(ISNUMBER(V14),ISNUMBER(F14)),IF(V14<>F14,"사후: FMS 총점≠하위항목 합 ",""),"")&IF(ISNUMBER(E14),IF(E14<>INT(E14),"사전 총점 정수 아님 ",""),"")&IF(ISNUMBER(F14),IF(F14<>INT(F14),"사후 총점 정수 아님 ",""),"")&IF(AND(COUNT(G14,I14,K14,M14,O14,Q14,S14)>0,COUNT(G14,I14,K14,M14,O14,Q14,S14)<7),"사전 하위항목 일부 빈칸 ","")&IF(AND(COUNT(H14,J14,L14,N14,P14,R14,T14)>0,COUNT(H14,J14,L14,N14,P14,R14,T14)<7),"사후 하위항목 일부 빈칸 ","")))
A15: E11 | B15: 1 | U15: =IF(COUNT(G15,I15,K15,M15,O15,Q15,S15)=7,SUM(G15,I15,K15,M15,O15,Q15,S15),"") | V15: =IF(COUNT(H15,J15,L15,N15,P15,R15,T15)=7,SUM(H15,J15,L15,N15,P15,R15,T15),"") | W15: =IF(A15="","",TRIM(IF(AND(ISNUMBER(U15),ISNUMBER(E15)),IF(U15<>E15,"사전: FMS 총점≠하위항목 합 ",""),"")&IF(AND(ISNUMBER(V15),ISNUMBER(F15)),IF(V15<>F15,"사후: FMS 총점≠하위항목 합 ",""),"")&IF(ISNUMBER(E15),IF(E15<>INT(E15),"사전 총점 정수 아님 ",""),"")&IF(ISNUMBER(F15),IF(F15<>INT(F15),"사후 총점 정수 아님 ",""),"")&IF(AND(COUNT(G15,I15,K15,M15,O15,Q15,S15)>0,COUNT(G15,I15,K15,M15,O15,Q15,S15)<7),"사전 하위항목 일부 빈칸 ","")&IF(AND(COUNT(H15,J15,L15,N15,P15,R15,T15)>0,COUNT(H15,J15,L15,N15,P15,R15,T15)<7),"사후 하위항목 일부 빈칸 ","")))
A16: E12 | B16: 1 | U16: =IF(COUNT(G16,I16,K16,M16,O16,Q16,S16)=7,SUM(G16,I16,K16,M16,O16,Q16,S16),"") | V16: =IF(COUNT(H16,J16,L16,N16,P16,R16,T16)=7,SUM(H16,J16,L16,N16,P16,R16,T16),"") | W16: =IF(A16="","",TRIM(IF(AND(ISNUMBER(U16),ISNUMBER(E16)),IF(U16<>E16,"사전: FMS 총점≠하위항목 합 ",""),"")&IF(AND(ISNUMBER(V16),ISNUMBER(F16)),IF(V16<>F16,"사후: FMS 총점≠하위항목 합 ",""),"")&IF(ISNUMBER(E16),IF(E16<>INT(E16),"사전 총점 정수 아님 ",""),"")&IF(ISNUMBER(F16),IF(F16<>INT(F16),"사후 총점 정수 아님 ",""),"")&IF(AND(COUNT(G16,I16,K16,M16,O16,Q16,S16)>0,COUNT(G16,I16,K16,M16,O16,Q16,S16)<7),"사전 하위항목 일부 빈칸 ","")&IF(AND(COUNT(H16,J16,L16,N16,P16,R16,T16)>0,COUNT(H16,J16,L16,N16,P16,R16,T16)<7),"사후 하위항목 일부 빈칸 ","")))
... A29: C12 | B29: 2 | U29: =IF(COUNT(G29,I29,K29,M29,O29,Q29,S29)=7,SUM(G29,I29,K29,M29,O29,Q29,S29),"") | V29: =IF(COUNT(H29,J29,L29,N29,P29,R29,T29)=7,SUM(H29,J29,L29,N29,P29,R29,T29),"") | W29: =IF(A29="","",TRIM(IF(AND(ISNUMBER(U29),ISNUMBER(E29)),IF(U29<>E29,"사전: FMS 총점≠하위항목 합 ",""),"")&IF(AND(ISNUMBER(V29),ISNUMBER(F29)),IF(V29<>F29,"사후: FMS 총점≠하위항목 합 ",""),"")&IF(ISNUMBER(E29),IF(E29<>INT(E29),"사전 총점 정수 아님 ",""),"")&IF(ISNUMBER(F29),IF(F29<>INT(F29),"사후 총점 정수 아님 ",""),"")&IF(AND(COUNT(G29,I29,K29,M29,O29,Q29,S29)>0,COUNT(G29,I29,K29,M29,O29,Q29,S29)<7),"사전 하위항목 일부 빈칸 ","")&IF(AND(COUNT(H29,J29,L29,N29,P29,R29,T29)>0,COUNT(H29,J29,L29,N29,P29,R29,T29)<7),"사후 하위항목 일부 빈칸 ","")))
U30: =IF(COUNT(G30,I30,K30,M30,O30,Q30,S30)=7,SUM(G30,I30,K30,M30,O30,Q30,S30),"") | V30: =IF(COUNT(H30,J30,L30,N30,P30,R30,T30)=7,SUM(H30,J30,L30,N30,P30,R30,T30),"") | W30: =IF(A30="","",TRIM(IF(AND(ISNUMBER(U30),ISNUMBER(E30)),IF(U30<>E30,"사전: FMS 총점≠하위항목 합 ",""),"")&IF(AND(ISNUMBER(V30),ISNUMBER(F30)),IF(V30<>F30,"사후: FMS 총점≠하위항목 합 ",""),"")&IF(ISNUMBER(E30),IF(E30<>INT(E30),"사전 총점 정수 아님 ",""),"")&IF(ISNUMBER(F30),IF(F30<>INT(F30),"사후 총점 정수 아님 ",""),"")&IF(AND(COUNT(G30,I30,K30,M30,O30,Q30,S30)>0,COUNT(G30,I30,K30,M30,O30,Q30,S30)<7),"사전 하위항목 일부 빈칸 ","")&IF(AND(COUNT(H30,J30,L30,N30,P30,R30,T30)>0,COUNT(H30,J30,L30,N30,P30,R30,T30)<7),"사후 하위항목 일부 빈칸 ","")))
U31: =IF(COUNT(G31,I31,K31,M31,O31,Q31,S31)=7,SUM(G31,I31,K31,M31,O31,Q31,S31),"") | V31: =IF(COUNT(H31,J31,L31,N31,P31,R31,T31)=7,SUM(H31,J31,L31,N31,P31,R31,T31),"") | W31: =IF(A31="","",TRIM(IF(AND(ISNUMBER(U31),ISNUMBER(E31)),IF(U31<>E31,"사전: FMS 총점≠하위항목 합 ",""),"")&IF(AND(ISNUMBER(V31),ISNUMBER(F31)),IF(V31<>F31,"사후: FMS 총점≠하위항목 합 ",""),"")&IF(ISNUMBER(E31),IF(E31<>INT(E31),"사전 총점 정수 아님 ",""),"")&IF(ISNUMBER(F31),IF(F31<>INT(F31),"사후 총점 정수 아님 ",""),"")&IF(AND(COUNT(G31,I31,K31,M31,O31,Q31,S31)>0,COUNT(G31,I31,K31,M31,O31,Q31,S31)<7),"사전 하위항목 일부 빈칸 ","")&IF(AND(COUNT(H31,J31,L31,N31,P31,R31,T31)>0,COUNT(H31,J31,L31,N31,P31,R31,T31)<7),"사후 하위항목 일부 빈칸 ","")))
U32: =IF(COUNT(G32,I32,K32,M32,O32,Q32,S32)=7,SUM(G32,I32,K32,M32,O32,Q32,S32),"") | V32: =IF(COUNT(H32,J32,L32,N32,P32,R32,T32)=7,SUM(H32,J32,L32,N32,P32,R32,T32),"") | W32: =IF(A32="","",TRIM(IF(AND(ISNUMBER(U32),ISNUMBER(E32)),IF(U32<>E32,"사전: FMS 총점≠하위항목 합 ",""),"")&IF(AND(ISNUMBER(V32),ISNUMBER(F32)),IF(V32<>F32,"사후: FMS 총점≠하위항목 합 ",""),"")&IF(ISNUMBER(E32),IF(E32<>INT(E32),"사전 총점 정수 아님 ",""),"")&IF(ISNUMBER(F32),IF(F32<>INT(F32),"사후 총점 정수 아님 ",""),"")&IF(AND(COUNT(G32,I32,K32,M32,O32,Q32,S32)>0,COUNT(G32,I32,K32,M32,O32,Q32,S32)<7),"사전 하위항목 일부 빈칸 ","")&IF(AND(COUNT(H32,J32,L32,N32,P32,R32,T32)>0,COUNT(H32,J32,L32,N32,P32,R32,T32)<7),"사후 하위항목 일부 빈칸 ","")))
U33: =IF(COUNT(G33,I33,K33,M33,O33,Q33,S33)=7,SUM(G33,I33,K33,M33,O33,Q33,S33),"") | V33: =IF(COUNT(H33,J33,L33,N33,P33,R33,T33)=7,SUM(H33,J33,L33,N33,P33,R33,T33),"") | W33: =IF(A33="","",TRIM(IF(AND(ISNUMBER(U33),ISNUMBER(E33)),IF(U33<>E33,"사전: FMS 총점≠하위항목 합 ",""),"")&IF(AND(ISNUMBER(V33),ISNUMBER(F33)),IF(V33<>F33,"사후: FMS 총점≠하위항목 합 ",""),"")&IF(ISNUMBER(E33),IF(E33<>INT(E33),"사전 총점 정수 아님 ",""),"")&IF(ISNUMBER(F33),IF(F33<>INT(F33),"사후 총점 정수 아님 ",""),"")&IF(AND(COUNT(G33,I33,K33,M33,O33,Q33,S33)>0,COUNT(G33,I33,K33,M33,O33,Q33,S33)<7),"사전 하위항목 일부 빈칸 ","")&IF(AND(COUNT(H33,J33,L33,N33,P33,R33,T33)>0,COUNT(H33,J33,L33,N33,P33,R33,T33)<7),"사후 하위항목 일부 빈칸 ","")))
U34: =IF(COUNT(G34,I34,K34,M34,O34,Q34,S34)=7,SUM(G34,I34,K34,M34,O34,Q34,S34),"") | V34: =IF(COUNT(H34,J34,L34,N34,P34,R34,T34)=7,SUM(H34,J34,L34,N34,P34,R34,T34),"") | W34: =IF(A34="","",TRIM(IF(AND(ISNUMBER(U34),ISNUMBER(E34)),IF(U34<>E34,"사전: FMS 총점≠하위항목 합 ",""),"")&IF(AND(ISNUMBER(V34),ISNUMBER(F34)),IF(V34<>F34,"사후: FMS 총점≠하위항목 합 ",""),"")&IF(ISNUMBER(E34),IF(E34<>INT(E34),"사전 총점 정수 아님 ",""),"")&IF(ISNUMBER(F34),IF(F34<>INT(F34),"사후 총점 정수 아님 ",""),"")&IF(AND(COUNT(G34,I34,K34,M34,O34,Q34,S34)>0,COUNT(G34,I34,K34,M34,O34,Q34,S34)<7),"사전 하위항목 일부 빈칸 ","")&IF(AND(COUNT(H34,J34,L34,N34,P34,R34,T34)>0,COUNT(H34,J34,L34,N34,P34,R34,T34)<7),"사후 하위항목 일부 빈칸 ","")))

Sheet 결과
A1: 결과 (논문 표 3·표 4용) — 입력 시트에서 집단이 1/2이고 사전·사후가 모두 있는 대상자만 계산
A2: t는 SPSS 대응표본 검정과 같은 '사전−사후' 기준(증가하면 음수). 상호작용 F는 2(집단)×2(시기) 반복측정 분산분석의 집단×시기 상호작용과 같은 값(변화량의 독립표본 t²)입니다. FMS 하위항목의 p는 대응표본 t검정 기준입니다.
A4: 표 3. VO2max와 FMS 총점
A5: 변인 | B5: 집단 | C5: n | D5: 사전 M | E5: 사전 SD | F5: 사후 M | G5: 사후 SD | H5: 변화량 SD | I5: t (사전−사후) | J5: df | K5: p | L5: 사전 (논문 표기) | M5: 사후 (논문 표기) | N5: t (p) (논문 표기) | O5: 상호작용 F | P5: df(오차) | Q5: p | R5: 부분 η² | S5: 상호작용 (논문 표기)
A6: VO2max | B6: 실험군 | C6: =SUMPRODUCT(('입력'!$B$5:$B$34=1)*ISNUMBER('입력'!$C$5:$C$34)*ISNUMBER('입력'!$D$5:$D$34)) | D6: {=IF(C6<1,"",AVERAGE(IF(('입력'!$B$5:$B$34=1)*ISNUMBER('입력'!$C$5:$C$34)*ISNUMBER('입력'!$D$5:$D$34),'입력'!$C$5:$C$34)))} | E6: {=IF(C6<2,"",STDEV(IF(('입력'!$B$5:$B$34=1)*ISNUMBER('입력'!$C$5:$C$34)*ISNUMBER('입력'!$D$5:$D$34),'입력'!$C$5:$C$34)))} | F6: {=IF(C6<1,"",AVERAGE(IF(('입력'!$B$5:$B$34=1)*ISNUMBER('입력'!$C$5:$C$34)*ISNUMBER('입력'!$D$5:$D$34),'입력'!$D$5:$D$34)))} | G6: {=IF(C6<2,"",STDEV(IF(('입력'!$B$5:$B$34=1)*ISNUMBER('입력'!$C$5:$C$34)*ISNUMBER('입력'!$D$5:$D$34),'입력'!$D$5:$D$34)))} | H6: {=IF(C6<2,"",STDEV(IF(('입력'!$B$5:$B$34=1)*ISNUMBER('입력'!$C$5:$C$34)*ISNUMBER('입력'!$D$5:$D$34),'입력'!$D$5:$D$34-'입력'!$C$5:$C$34)))} | I6: =IF(OR(C6<2,H6=""),"",IF(ROUND(H6,10)=0,"",(D6-F6)/(H6/SQRT(C6)))) | J6: =IF(I6="","",C6-1) | K6: =IF(I6="","",TDIST(ABS(I6),J6,2)) | L6: =IF(D6="","",TEXT(D6,"0.00")&"±"&IF(E6="","",TEXT(E6,"0.00"))) | M6: =IF(F6="","",TEXT(F6,"0.00")&"±"&IF(G6="","",TEXT(G6,"0.00"))) | N6: =IF(K6="","",TEXT(I6,"0.000")&" ("&IF(K6<0.001,"<.001",TEXT(K6,".000"))&")") | O6: =IF(OR(C6<2,C7<2,H6="",H7=""),"",IF(ROUND(SQRT(((C6-1)*H6^2+(C7-1)*H7^2)/(C6+C7-2)),10)=0,"",(((F6-D6)-(F7-D7))/(SQRT(((C6-1)*H6^2+(C7-1)*H7^2)/(C6+C7-2))*SQRT(1/C6+1/C7)))^2)) | P6: =IF(O6="","",C6+C7-2) | Q6: =IF(O6="","",FDIST(O6,1,P6)) | R6: =IF(O6="","",O6/(O6+P6)) | S6: =IF(O6="","","F(1, "&P6&") = "&TEXT(O6,"0.000")&", p "&IF(Q6<0.001,"< .001","= "&TEXT(Q6,".000"))&", ηp² = "&TEXT(R6,".000"))
B7: 통제군 | C7: =SUMPRODUCT(('입력'!$B$5:$B$34=2)*ISNUMBER('입력'!$C$5:$C$34)*ISNUMBER('입력'!$D$5:$D$34)) | D7: {=IF(C7<1,"",AVERAGE(IF(('입력'!$B$5:$B$34=2)*ISNUMBER('입력'!$C$5:$C$34)*ISNUMBER('입력'!$D$5:$D$34),'입력'!$C$5:$C$34)))} | E7: {=IF(C7<2,"",STDEV(IF(('입력'!$B$5:$B$34=2)*ISNUMBER('입력'!$C$5:$C$34)*ISNUMBER('입력'!$D$5:$D$34),'입력'!$C$5:$C$34)))} | F7: {=IF(C7<1,"",AVERAGE(IF(('입력'!$B$5:$B$34=2)*ISNUMBER('입력'!$C$5:$C$34)*ISNUMBER('입력'!$D$5:$D$34),'입력'!$D$5:$D$34)))} | G7: {=IF(C7<2,"",STDEV(IF(('입력'!$B$5:$B$34=2)*ISNUMBER('입력'!$C$5:$C$34)*ISNUMBER('입력'!$D$5:$D$34),'입력'!$D$5:$D$34)))} | H7: {=IF(C7<2,"",STDEV(IF(('입력'!$B$5:$B$34=2)*ISNUMBER('입력'!$C$5:$C$34)*ISNUMBER('입력'!$D$5:$D$34),'입력'!$D$5:$D$34-'입력'!$C$5:$C$34)))} | I7: =IF(OR(C7<2,H7=""),"",IF(ROUND(H7,10)=0,"",(D7-F7)/(H7/SQRT(C7)))) | J7: =IF(I7="","",C7-1) | K7: =IF(I7="","",TDIST(ABS(I7),J7,2)) | L7: =IF(D7="","",TEXT(D7,"0.00")&"±"&IF(E7="","",TEXT(E7,"0.00"))) | M7: =IF(F7="","",TEXT(F7,"0.00")&"±"&IF(G7="","",TEXT(G7,"0.00"))) | N7: =IF(K7="","",TEXT(I7,"0.000")&" ("&IF(K7<0.001,"<.001",TEXT(K7,".000"))&")")
A8: FMS 총점 | B8: 실험군 | C8: =SUMPRODUCT(('입력'!$B$5:$B$34=1)*ISNUMBER('입력'!$E$5:$E$34)*ISNUMBER('입력'!$F$5:$F$34)) | D8: {=IF(C8<1,"",AVERAGE(IF(('입력'!$B$5:$B$34=1)*ISNUMBER('입력'!$E$5:$E$34)*ISNUMBER('입력'!$F$5:$F$34),'입력'!$E$5:$E$34)))} | E8: {=IF(C8<2,"",STDEV(IF(('입력'!$B$5:$B$34=1)*ISNUMBER('입력'!$E$5:$E$34)*ISNUMBER('입력'!$F$5:$F$34),'입력'!$E$5:$E$34)))} | F8: {=IF(C8<1,"",AVERAGE(IF(('입력'!$B$5:$B$34=1)*ISNUMBER('입력'!$E$5:$E$34)*ISNUMBER('입력'!$F$5:$F$34),'입력'!$F$5:$F$34)))} | G8: {=IF(C8<2,"",STDEV(IF(('입력'!$B$5:$B$34=1)*ISNUMBER('입력'!$E$5:$E$34)*ISNUMBER('입력'!$F$5:$F$34),'입력'!$F$5:$F$34)))} | H8: {=IF(C8<2,"",STDEV(IF(('입력'!$B$5:$B$34=1)*ISNUMBER('입력'!$E$5:$E$34)*ISNUMBER('입력'!$F$5:$F$34),'입력'!$F$5:$F$34-'입력'!$E$5:$E$34)))} | I8: =IF(OR(C8<2,H8=""),"",IF(ROUND(H8,10)=0,"",(D8-F8)/(H8/SQRT(C8)))) | J8: =IF(I8="","",C8-1) | K8: =IF(I8="","",TDIST(ABS(I8),J8,2)) | L8: =IF(D8="","",TEXT(D8,"0.00")&"±"&IF(E8="","",TEXT(E8,"0.00"))) | M8: =IF(F8="","",TEXT(F8,"0.00")&"±"&IF(G8="","",TEXT(G8,"0.00"))) | N8: =IF(K8="","",TEXT(I8,"0.000")&" ("&IF(K8<0.001,"<.001",TEXT(K8,".000"))&")") | O8: =IF(OR(C8<2,C9<2,H8="",H9=""),"",IF(ROUND(SQRT(((C8-1)*H8^2+(C9-1)*H9^2)/(C8+C9-2)),10)=0,"",(((F8-D8)-(F9-D9))/(SQRT(((C8-1)*H8^2+(C9-1)*H9^2)/(C8+C9-2))*SQRT(1/C8+1/C9)))^2)) | P8: =IF(O8="","",C8+C9-2) | Q8: =IF(O8="","",FDIST(O8,1,P8)) | R8: =IF(O8="","",O8/(O8+P8)) | S8: =IF(O8="","","F(1, "&P8&") = "&TEXT(O8,"0.000")&", p "&IF(Q8<0.001,"< .001","= "&TEXT(Q8,".000"))&", ηp² = "&TEXT(R8,".000"))
B9: 통제군 | C9: =SUMPRODUCT(('입력'!$B$5:$B$34=2)*ISNUMBER('입력'!$E$5:$E$34)*ISNUMBER('입력'!$F$5:$F$34)) | D9: {=IF(C9<1,"",AVERAGE(IF(('입력'!$B$5:$B$34=2)*ISNUMBER('입력'!$E$5:$E$34)*ISNUMBER('입력'!$F$5:$F$34),'입력'!$E$5:$E$34)))} | E9: {=IF(C9<2,"",STDEV(IF(('입력'!$B$5:$B$34=2)*ISNUMBER('입력'!$E$5:$E$34)*ISNUMBER('입력'!$F$5:$F$34),'입력'!$E$5:$E$34)))} | F9: {=IF(C9<1,"",AVERAGE(IF(('입력'!$B$5:$B$34=2)*ISNUMBER('입력'!$E$5:$E$34)*ISNUMBER('입력'!$F$5:$F$34),'입력'!$F$5:$F$34)))} | G9: {=IF(C9<2,"",STDEV(IF(('입력'!$B$5:$B$34=2)*ISNUMBER('입력'!$E$5:$E$34)*ISNUMBER('입력'!$F$5:$F$34),'입력'!$F$5:$F$34)))} | H9: {=IF(C9<2,"",STDEV(IF(('입력'!$B$5:$B$34=2)*ISNUMBER('입력'!$E$5:$E$34)*ISNUMBER('입력'!$F$5:$F$34),'입력'!$F$5:$F$34-'입력'!$E$5:$E$34)))} | I9: =IF(OR(C9<2,H9=""),"",IF(ROUND(H9,10)=0,"",(D9-F9)/(H9/SQRT(C9)))) | J9: =IF(I9="","",C9-1) | K9: =IF(I9="","",TDIST(ABS(I9),J9,2)) | L9: =IF(D9="","",TEXT(D9,"0.00")&"±"&IF(E9="","",TEXT(E9,"0.00"))) | M9: =IF(F9="","",TEXT(F9,"0.00")&"±"&IF(G9="","",TEXT(G9,"0.00"))) | N9: =IF(K9="","",TEXT(I9,"0.000")&" ("&IF(K9<0.001,"<.001",TEXT(K9,".000"))&")")
A11: 표 4. FMS 하위항목
A12: 변인 | B12: 집단 | C12: n | D12: 사전 M | E12: 사전 SD | F12: 사후 M | G12: 사후 SD | H12: 변화량 SD | I12: t (사전−사후) | J12: df | K12: p | L12: 사전 (논문 표기) | M12: 사후 (논문 표기) | N12: t (p) (논문 표기)
A13: Deep Squat | B13: 실험군 | C13: =SUMPRODUCT(('입력'!$B$5:$B$34=1)*ISNUMBER('입력'!$G$5:$G$34)*ISNUMBER('입력'!$H$5:$H$34)) | D13: {=IF(C13<1,"",AVERAGE(IF(('입력'!$B$5:$B$34=1)*ISNUMBER('입력'!$G$5:$G$34)*ISNUMBER('입력'!$H$5:$H$34),'입력'!$G$5:$G$34)))} | E13: {=IF(C13<2,"",STDEV(IF(('입력'!$B$5:$B$34=1)*ISNUMBER('입력'!$G$5:$G$34)*ISNUMBER('입력'!$H$5:$H$34),'입력'!$G$5:$G$34)))} | F13: {=IF(C13<1,"",AVERAGE(IF(('입력'!$B$5:$B$34=1)*ISNUMBER('입력'!$G$5:$G$34)*ISNUMBER('입력'!$H$5:$H$34),'입력'!$H$5:$H$34)))} | G13: {=IF(C13<2,"",STDEV(IF(('입력'!$B$5:$B$34=1)*ISNUMBER('입력'!$G$5:$G$34)*ISNUMBER('입력'!$H$5:$H$34),'입력'!$H$5:$H$34)))} | H13: {=IF(C13<2,"",STDEV(IF(('입력'!$B$5:$B$34=1)*ISNUMBER('입력'!$G$5:$G$34)*ISNUMBER('입력'!$H$5:$H$34),'입력'!$H$5:$H$34-'입력'!$G$5:$G$34)))} | I13: =IF(OR(C13<2,H13=""),"",IF(ROUND(H13,10)=0,"",(D13-F13)/(H13/SQRT(C13)))) | J13: =IF(I13="","",C13-1) | K13: =IF(I13="","",TDIST(ABS(I13),J13,2)) | L13: =IF(D13="","",TEXT(D13,"0.00")&"±"&IF(E13="","",TEXT(E13,"0.00"))) | M13: =IF(F13="","",TEXT(F13,"0.00")&"±"&IF(G13="","",TEXT(G13,"0.00"))) | N13: =IF(K13="","",TEXT(I13,"0.000")&" ("&IF(K13<0.001,"<.001",TEXT(K13,".000"))&")")
B14: 통제군 | C14: =SUMPRODUCT(('입력'!$B$5:$B$34=2)*ISNUMBER('입력'!$G$5:$G$34)*ISNUMBER('입력'!$H$5:$H$34)) | D14: {=IF(C14<1,"",AVERAGE(IF(('입력'!$B$5:$B$34=2)*ISNUMBER('입력'!$G$5:$G$34)*ISNUMBER('입력'!$H$5:$H$34),'입력'!$G$5:$G$34)))} | E14: {=IF(C14<2,"",STDEV(IF(('입력'!$B$5:$B$34=2)*ISNUMBER('입력'!$G$5:$G$34)*ISNUMBER('입력'!$H$5:$H$34),'입력'!$G$5:$G$34)))} | F14: {=IF(C14<1,"",AVERAGE(IF(('입력'!$B$5:$B$34=2)*ISNUMBER('입력'!$G$5:$G$34)*ISNUMBER('입력'!$H$5:$H$34),'입력'!$H$5:$H$34)))} | G14: {=IF(C14<2,"",STDEV(IF(('입력'!$B$5:$B$34=2)*ISNUMBER('입력'!$G$5:$G$34)*ISNUMBER('입력'!$H$5:$H$34),'입력'!$H$5:$H$34)))} | H14: {=IF(C14<2,"",STDEV(IF(('입력'!$B$5:$B$34=2)*ISNUMBER('입력'!$G$5:$G$34)*ISNUMBER('입력'!$H$5:$H$34),'입력'!$H$5:$H$34-'입력'!$G$5:$G$34)))} | I14: =IF(OR(C14<2,H14=""),"",IF(ROUND(H14,10)=0,"",(D14-F14)/(H14/SQRT(C14)))) | J14: =IF(I14="","",C14-1) | K14: =IF(I14="","",TDIST(ABS(I14),J14,2)) | L14: =IF(D14="","",TEXT(D14,"0.00")&"±"&IF(E14="","",TEXT(E14,"0.00"))) | M14: =IF(F14="","",TEXT(F14,"0.00")&"±"&IF(G14="","",TEXT(G14,"0.00"))) | N14: =IF(K14="","",TEXT(I14,"0.000")&" ("&IF(K14<0.001,"<.001",TEXT(K14,".000"))&")")
A15: Hurdle Step | B15: 실험군 | C15: =SUMPRODUCT(('입력'!$B$5:$B$34=1)*ISNUMBER('입력'!$I$5:$I$34)*ISNUMBER('입력'!$J$5:$J$34)) | D15: {=IF(C15<1,"",AVERAGE(IF(('입력'!$B$5:$B$34=1)*ISNUMBER('입력'!$I$5:$I$34)*ISNUMBER('입력'!$J$5:$J$34),'입력'!$I$5:$I$34)))} | E15: {=IF(C15<2,"",STDEV(IF(('입력'!$B$5:$B$34=1)*ISNUMBER('입력'!$I$5:$I$34)*ISNUMBER('입력'!$J$5:$J$34),'입력'!$I$5:$I$34)))} | F15: {=IF(C15<1,"",AVERAGE(IF(('입력'!$B$5:$B$34=1)*ISNUMBER('입력'!$I$5:$I$34)*ISNUMBER('입력'!$J$5:$J$34),'입력'!$J$5:$J$34)))} | G15: {=IF(C15<2,"",STDEV(IF(('입력'!$B$5:$B$34=1)*ISNUMBER('입력'!$I$5:$I$34)*ISNUMBER('입력'!$J$5:$J$34),'입력'!$J$5:$J$34)))} | H15: {=IF(C15<2,"",STDEV(IF(('입력'!$B$5:$B$34=1)*ISNUMBER('입력'!$I$5:$I$34)*ISNUMBER('입력'!$J$5:$J$34),'입력'!$J$5:$J$34-'입력'!$I$5:$I$34)))} | I15: =IF(OR(C15<2,H15=""),"",IF(ROUND(H15,10)=0,"",(D15-F15)/(H15/SQRT(C15)))) | J15: =IF(I15="","",C15-1) | K15: =IF(I15="","",TDIST(ABS(I15),J15,2)) | L15: =IF(D15="","",TEXT(D15,"0.00")&"±"&IF(E15="","",TEXT(E15,"0.00"))) | M15: =IF(F15="","",TEXT(F15,"0.00")&"±"&IF(G15="","",TEXT(G15,"0.00"))) | N15: =IF(K15="","",TEXT(I15,"0.000")&" ("&IF(K15<0.001,"<.001",TEXT(K15,".000"))&")")
B16: 통제군 | C16: =SUMPRODUCT(('입력'!$B$5:$B$34=2)*ISNUMBER('입력'!$I$5:$I$34)*ISNUMBER('입력'!$J$5:$J$34)) | D16: {=IF(C16<1,"",AVERAGE(IF(('입력'!$B$5:$B$34=2)*ISNUMBER('입력'!$I$5:$I$34)*ISNUMBER('입력'!$J$5:$J$34),'입력'!$I$5:$I$34)))} | E16: {=IF(C16<2,"",STDEV(IF(('입력'!$B$5:$B$34=2)*ISNUMBER('입력'!$I$5:$I$34)*ISNUMBER('입력'!$J$5:$J$34),'입력'!$I$5:$I$34)))} | F16: {=IF(C16<1,"",AVERAGE(IF(('입력'!$B$5:$B$34=2)*ISNUMBER('입력'!$I$5:$I$34)*ISNUMBER('입력'!$J$5:$J$34),'입력'!$J$5:$J$34)))} | G16: {=IF(C16<2,"",STDEV(IF(('입력'!$B$5:$B$34=2)*ISNUMBER('입력'!$I$5:$I$34)*ISNUMBER('입력'!$J$5:$J$34),'입력'!$J$5:$J$34)))} | H16: {=IF(C16<2,"",STDEV(IF(('입력'!$B$5:$B$34=2)*ISNUMBER('입력'!$I$5:$I$34)*ISNUMBER('입력'!$J$5:$J$34),'입력'!$J$5:$J$34-'입력'!$I$5:$I$34)))} | I16: =IF(OR(C16<2,H16=""),"",IF(ROUND(H16,10)=0,"",(D16-F16)/(H16/SQRT(C16)))) | J16: =IF(I16="","",C16-1) | K16: =IF(I16="","",TDIST(ABS(I16),J16,2)) | L16: =IF(D16="","",TEXT(D16,"0.00")&"±"&IF(E16="","",TEXT(E16,"0.00"))) | M16: =IF(F16="","",TEXT(F16,"0.00")&"±"&IF(G16="","",TEXT(G16,"0.00"))) | N16: =IF(K16="","",TEXT(I16,"0.000")&" ("&IF(K16<0.001,"<.001",TEXT(K16,".000"))&")")
A17: In-line Lunge | B17: 실험군 | C17: =SUMPRODUCT(('입력'!$B$5:$B$34=1)*ISNUMBER('입력'!$K$5:$K$34)*ISNUMBER('입력'!$L$5:$L$34)) | D17: {=IF(C17<1,"",AVERAGE(IF(('입력'!$B$5:$B$34=1)*ISNUMBER('입력'!$K$5:$K$34)*ISNUMBER('입력'!$L$5:$L$34),'입력'!$K$5:$K$34)))} | E17: {=IF(C17<2,"",STDEV(IF(('입력'!$B$5:$B$34=1)*ISNUMBER('입력'!$K$5:$K$34)*ISNUMBER('입력'!$L$5:$L$34),'입력'!$K$5:$K$34)))} | F17: {=IF(C17<1,"",AVERAGE(IF(('입력'!$B$5:$B$34=1)*ISNUMBER('입력'!$K$5:$K$34)*ISNUMBER('입력'!$L$5:$L$34),'입력'!$L$5:$L$34)))} | G17: {=IF(C17<2,"",STDEV(IF(('입력'!$B$5:$B$34=1)*ISNUMBER('입력'!$K$5:$K$34)*ISNUMBER('입력'!$L$5:$L$34),'입력'!$L$5:$L$34)))} | H17: {=IF(C17<2,"",STDEV(IF(('입력'!$B$5:$B$34=1)*ISNUMBER('입력'!$K$5:$K$34)*ISNUMBER('입력'!$L$5:$L$34),'입력'!$L$5:$L$34-'입력'!$K$5:$K$34)))} | I17: =IF(OR(C17<2,H17=""),"",IF(ROUND(H17,10)=0,"",(D17-F17)/(H17/SQRT(C17)))) | J17: =IF(I17="","",C17-1) | K17: =IF(I17="","",TDIST(ABS(I17),J17,2)) | L17: =IF(D17="","",TEXT(D17,"0.00")&"±"&IF(E17="","",TEXT(E17,"0.00"))) | M17: =IF(F17="","",TEXT(F17,"0.00")&"±"&IF(G17="","",TEXT(G17,"0.00"))) | N17: =IF(K17="","",TEXT(I17,"0.000")&" ("&IF(K17<0.001,"<.001",TEXT(K17,".000"))&")")
B18: 통제군 | C18: =SUMPRODUCT(('입력'!$B$5:$B$34=2)*ISNUMBER('입력'!$K$5:$K$34)*ISNUMBER('입력'!$L$5:$L$34)) | D18: {=IF(C18<1,"",AVERAGE(IF(('입력'!$B$5:$B$34=2)*ISNUMBER('입력'!$K$5:$K$34)*ISNUMBER('입력'!$L$5:$L$34),'입력'!$K$5:$K$34)))} | E18: {=IF(C18<2,"",STDEV(IF(('입력'!$B$5:$B$34=2)*ISNUMBER('입력'!$K$5:$K$34)*ISNUMBER('입력'!$L$5:$L$34),'입력'!$K$5:$K$34)))} | F18: {=IF(C18<1,"",AVERAGE(IF(('입력'!$B$5:$B$34=2)*ISNUMBER('입력'!$K$5:$K$34)*ISNUMBER('입력'!$L$5:$L$34),'입력'!$L$5:$L$34)))} | G18: {=IF(C18<2,"",STDEV(IF(('입력'!$B$5:$B$34=2)*ISNUMBER('입력'!$K$5:$K$34)*ISNUMBER('입력'!$L$5:$L$34),'입력'!$L$5:$L$34)))} | H18: {=IF(C18<2,"",STDEV(IF(('입력'!$B$5:$B$34=2)*ISNUMBER('입력'!$K$5:$K$34)*ISNUMBER('입력'!$L$5:$L$34),'입력'!$L$5:$L$34-'입력'!$K$5:$K$34)))} | I18: =IF(OR(C18<2,H18=""),"",IF(ROUND(H18,10)=0,"",(D18-F18)/(H18/SQRT(C18)))) | J18: =IF(I18="","",C18-1) | K18: =IF(I18="","",TDIST(ABS(I18),J18,2)) | L18: =IF(D18="","",TEXT(D18,"0.00")&"±"&IF(E18="","",TEXT(E18,"0.00"))) | M18: =IF(F18="","",TEXT(F18,"0.00")&"±"&IF(G18="","",TEXT(G18,"0.00"))) | N18: =IF(K18="","",TEXT(I18,"0.000")&" ("&IF(K18<0.001,"<.001",TEXT(K18,".000"))&")")
A19: Shoulder Mobility | B19: 실험군 | C19: =SUMPRODUCT(('입력'!$B$5:$B$34=1)*ISNUMBER('입력'!$M$5:$M$34)*ISNUMBER('입력'!$N$5:$N$34)) | D19: {=IF(C19<1,"",AVERAGE(IF(('입력'!$B$5:$B$34=1)*ISNUMBER('입력'!$M$5:$M$34)*ISNUMBER('입력'!$N$5:$N$34),'입력'!$M$5:$M$34)))} | E19: {=IF(C19<2,"",STDEV(IF(('입력'!$B$5:$B$34=1)*ISNUMBER('입력'!$M$5:$M$34)*ISNUMBER('입력'!$N$5:$N$34),'입력'!$M$5:$M$34)))} | F19: {=IF(C19<1,"",AVERAGE(IF(('입력'!$B$5:$B$34=1)*ISNUMBER('입력'!$M$5:$M$34)*ISNUMBER('입력'!$N$5:$N$34),'입력'!$N$5:$N$34)))} | G19: {=IF(C19<2,"",STDEV(IF(('입력'!$B$5:$B$34=1)*ISNUMBER('입력'!$M$5:$M$34)*ISNUMBER('입력'!$N$5:$N$34),'입력'!$N$5:$N$34)))} | H19: {=IF(C19<2,"",STDEV(IF(('입력'!$B$5:$B$34=1)*ISNUMBER('입력'!$M$5:$M$34)*ISNUMBER('입력'!$N$5:$N$34),'입력'!$N$5:$N$34-'입력'!$M$5:$M$34)))} | I19: =IF(OR(C19<2,H19=""),"",IF(ROUND(H19,10)=0,"",(D19-F19)/(H19/SQRT(C19)))) | J19: =IF(I19="","",C19-1) | K19: =IF(I19="","",TDIST(ABS(I19),J19,2)) | L19: =IF(D19="","",TEXT(D19,"0.00")&"±"&IF(E19="","",TEXT(E19,"0.00"))) | M19: =IF(F19="","",TEXT(F19,"0.00")&"±"&IF(G19="","",TEXT(G19,"0.00"))) | N19: =IF(K19="","",TEXT(I19,"0.000")&" ("&IF(K19<0.001,"<.001",TEXT(K19,".000"))&")")
B20: 통제군 | C20: =SUMPRODUCT(('입력'!$B$5:$B$34=2)*ISNUMBER('입력'!$M$5:$M$34)*ISNUMBER('입력'!$N$5:$N$34)) | D20: {=IF(C20<1,"",AVERAGE(IF(('입력'!$B$5:$B$34=2)*ISNUMBER('입력'!$M$5:$M$34)*ISNUMBER('입력'!$N$5:$N$34),'입력'!$M$5:$M$34)))} | E20: {=IF(C20<2,"",STDEV(IF(('입력'!$B$5:$B$34=2)*ISNUMBER('입력'!$M$5:$M$34)*ISNUMBER('입력'!$N$5:$N$34),'입력'!$M$5:$M$34)))} | F20: {=IF(C20<1,"",AVERAGE(IF(('입력'!$B$5:$B$34=2)*ISNUMBER('입력'!$M$5:$M$34)*ISNUMBER('입력'!$N$5:$N$34),'입력'!$N$5:$N$34)))} | G20: {=IF(C20<2,"",STDEV(IF(('입력'!$B$5:$B$34=2)*ISNUMBER('입력'!$M$5:$M$34)*ISNUMBER('입력'!$N$5:$N$34),'입력'!$N$5:$N$34)))} | H20: {=IF(C20<2,"",STDEV(IF(('입력'!$B$5:$B$34=2)*ISNUMBER('입력'!$M$5:$M$34)*ISNUMBER('입력'!$N$5:$N$34),'입력'!$N$5:$N$34-'입력'!$M$5:$M$34)))} | I20: =IF(OR(C20<2,H20=""),"",IF(ROUND(H20,10)=0,"",(D20-F20)/(H20/SQRT(C20)))) | J20: =IF(I20="","",C20-1) | K20: =IF(I20="","",TDIST(ABS(I20),J20,2)) | L20: =IF(D20="","",TEXT(D20,"0.00")&"±"&IF(E20="","",TEXT(E20,"0.00"))) | M20: =IF(F20="","",TEXT(F20,"0.00")&"±"&IF(G20="","",TEXT(G20,"0.00"))) | N20: =IF(K20="","",TEXT(I20,"0.000")&" ("&IF(K20<0.001,"<.001",TEXT(K20,".000"))&")")
A21: Active Straight Leg Raise | B21: 실험군 | C21: =SUMPRODUCT(('입력'!$B$5:$B$34=1)*ISNUMBER('입력'!$O$5:$O$34)*ISNUMBER('입력'!$P$5:$P$34)) | D21: {=IF(C21<1,"",AVERAGE(IF(('입력'!$B$5:$B$34=1)*ISNUMBER('입력'!$O$5:$O$34)*ISNUMBER('입력'!$P$5:$P$34),'입력'!$O$5:$O$34)))} | E21: {=IF(C21<2,"",STDEV(IF(('입력'!$B$5:$B$34=1)*ISNUMBER('입력'!$O$5:$O$34)*ISNUMBER('입력'!$P$5:$P$34),'입력'!$O$5:$O$34)))} | F21: {=IF(C21<1,"",AVERAGE(IF(('입력'!$B$5:$B$34=1)*ISNUMBER('입력'!$O$5:$O$34)*ISNUMBER('입력'!$P$5:$P$34),'입력'!$P$5:$P$34)))} | G21: {=IF(C21<2,"",STDEV(IF(('입력'!$B$5:$B$34=1)*ISNUMBER('입력'!$O$5:$O$34)*ISNUMBER('입력'!$P$5:$P$34),'입력'!$P$5:$P$34)))} | H21: {=IF(C21<2,"",STDEV(IF(('입력'!$B$5:$B$34=1)*ISNUMBER('입력'!$O$5:$O$34)*ISNUMBER('입력'!$P$5:$P$34),'입력'!$P$5:$P$34-'입력'!$O$5:$O$34)))} | I21: =IF(OR(C21<2,H21=""),"",IF(ROUND(H21,10)=0,"",(D21-F21)/(H21/SQRT(C21)))) | J21: =IF(I21="","",C21-1) | K21: =IF(I21="","",TDIST(ABS(I21),J21,2)) | L21: =IF(D21="","",TEXT(D21,"0.00")&"±"&IF(E21="","",TEXT(E21,"0.00"))) | M21: =IF(F21="","",TEXT(F21,"0.00")&"±"&IF(G21="","",TEXT(G21,"0.00"))) | N21: =IF(K21="","",TEXT(I21,"0.000")&" ("&IF(K21<0.001,"<.001",TEXT(K21,".000"))&")")
B22: 통제군 | C22: =SUMPRODUCT(('입력'!$B$5:$B$34=2)*ISNUMBER('입력'!$O$5:$O$34)*ISNUMBER('입력'!$P$5:$P$34)) | D22: {=IF(C22<1,"",AVERAGE(IF(('입력'!$B$5:$B$34=2)*ISNUMBER('입력'!$O$5:$O$34)*ISNUMBER('입력'!$P$5:$P$34),'입력'!$O$5:$O$34)))} | E22: {=IF(C22<2,"",STDEV(IF(('입력'!$B$5:$B$34=2)*ISNUMBER('입력'!$O$5:$O$34)*ISNUMBER('입력'!$P$5:$P$34),'입력'!$O$5:$O$34)))} | F22: {=IF(C22<1,"",AVERAGE(IF(('입력'!$B$5:$B$34=2)*ISNUMBER('입력'!$O$5:$O$34)*ISNUMBER('입력'!$P$5:$P$34),'입력'!$P$5:$P$34)))} | G22: {=IF(C22<2,"",STDEV(IF(('입력'!$B$5:$B$34=2)*ISNUMBER('입력'!$O$5:$O$34)*ISNUMBER('입력'!$P$5:$P$34),'입력'!$P$5:$P$34)))} | H22: {=IF(C22<2,"",STDEV(IF(('입력'!$B$5:$B$34=2)*ISNUMBER('입력'!$O$5:$O$34)*ISNUMBER('입력'!$P$5:$P$34),'입력'!$P$5:$P$34-'입력'!$O$5:$O$34)))} | I22: =IF(OR(C22<2,H22=""),"",IF(ROUND(H22,10)=0,"",(D22-F22)/(H22/SQRT(C22)))) | J22: =IF(I22="","",C22-1) | K22: =IF(I22="","",TDIST(ABS(I22),J22,2)) | L22: =IF(D22="","",TEXT(D22,"0.00")&"±"&IF(E22="","",TEXT(E22,"0.00"))) | M22: =IF(F22="","",TEXT(F22,"0.00")&"±"&IF(G22="","",TEXT(G22,"0.00"))) | N22: =IF(K22="","",TEXT(I22,"0.000")&" ("&IF(K22<0.001,"<.001",TEXT(K22,".000"))&")")
A23: Trunk Stability Push-up | B23: 실험군 | C23: =SUMPRODUCT(('입력'!$B$5:$B$34=1)*ISNUMBER('입력'!$Q$5:$Q$34)*ISNUMBER('입력'!$R$5:$R$34)) | D23: {=IF(C23<1,"",AVERAGE(IF(('입력'!$B$5:$B$34=1)*ISNUMBER('입력'!$Q$5:$Q$34)*ISNUMBER('입력'!$R$5:$R$34),'입력'!$Q$5:$Q$34)))} | E23: {=IF(C23<2,"",STDEV(IF(('입력'!$B$5:$B$34=1)*ISNUMBER('입력'!$Q$5:$Q$34)*ISNUMBER('입력'!$R$5:$R$34),'입력'!$Q$5:$Q$34)))} | F23: {=IF(C23<1,"",AVERAGE(IF(('입력'!$B$5:$B$34=1)*ISNUMBER('입력'!$Q$5:$Q$34)*ISNUMBER('입력'!$R$5:$R$34),'입력'!$R$5:$R$34)))} | G23: {=IF(C23<2,"",STDEV(IF(('입력'!$B$5:$B$34=1)*ISNUMBER('입력'!$Q$5:$Q$34)*ISNUMBER('입력'!$R$5:$R$34),'입력'!$R$5:$R$34)))} | H23: {=IF(C23<2,"",STDEV(IF(('입력'!$B$5:$B$34=1)*ISNUMBER('입력'!$Q$5:$Q$34)*ISNUMBER('입력'!$R$5:$R$34),'입력'!$R$5:$R$34-'입력'!$Q$5:$Q$34)))} | I23: =IF(OR(C23<2,H23=""),"",IF(ROUND(H23,10)=0,"",(D23-F23)/(H23/SQRT(C23)))) | J23: =IF(I23="","",C23-1) | K23: =IF(I23="","",TDIST(ABS(I23),J23,2)) | L23: =IF(D23="","",TEXT(D23,"0.00")&"±"&IF(E23="","",TEXT(E23,"0.00"))) | M23: =IF(F23="","",TEXT(F23,"0.00")&"±"&IF(G23="","",TEXT(G23,"0.00"))) | N23: =IF(K23="","",TEXT(I23,"0.000")&" ("&IF(K23<0.001,"<.001",TEXT(K23,".000"))&")")
B24: 통제군 | C24: =SUMPRODUCT(('입력'!$B$5:$B$34=2)*ISNUMBER('입력'!$Q$5:$Q$34)*ISNUMBER('입력'!$R$5:$R$34)) | D24: {=IF(C24<1,"",AVERAGE(IF(('입력'!$B$5:$B$34=2)*ISNUMBER('입력'!$Q$5:$Q$34)*ISNUMBER('입력'!$R$5:$R$34),'입력'!$Q$5:$Q$34)))} | E24: {=IF(C24<2,"",STDEV(IF(('입력'!$B$5:$B$34=2)*ISNUMBER('입력'!$Q$5:$Q$34)*ISNUMBER('입력'!$R$5:$R$34),'입력'!$Q$5:$Q$34)))} | F24: {=IF(C24<1,"",AVERAGE(IF(('입력'!$B$5:$B$34=2)*ISNUMBER('입력'!$Q$5:$Q$34)*ISNUMBER('입력'!$R$5:$R$34),'입력'!$R$5:$R$34)))} | G24: {=IF(C24<2,"",STDEV(IF(('입력'!$B$5:$B$34=2)*ISNUMBER('입력'!$Q$5:$Q$34)*ISNUMBER('입력'!$R$5:$R$34),'입력'!$R$5:$R$34)))} | H24: {=IF(C24<2,"",STDEV(IF(('입력'!$B$5:$B$34=2)*ISNUMBER('입력'!$Q$5:$Q$34)*ISNUMBER('입력'!$R$5:$R$34),'입력'!$R$5:$R$34-'입력'!$Q$5:$Q$34)))} | I24: =IF(OR(C24<2,H24=""),"",IF(ROUND(H24,10)=0,"",(D24-F24)/(H24/SQRT(C24)))) | J24: =IF(I24="","",C24-1) | K24: =IF(I24="","",TDIST(ABS(I24),J24,2)) | L24: =IF(D24="","",TEXT(D24,"0.00")&"±"&IF(E24="","",TEXT(E24,"0.00"))) | M24: =IF(F24="","",TEXT(F24,"0.00")&"±"&IF(G24="","",TEXT(G24,"0.00"))) | N24: =IF(K24="","",TEXT(I24,"0.000")&" ("&IF(K24<0.001,"<.001",TEXT(K24,".000"))&")")
A25: Rotary Stability | B25: 실험군 | C25: =SUMPRODUCT(('입력'!$B$5:$B$34=1)*ISNUMBER('입력'!$S$5:$S$34)*ISNUMBER('입력'!$T$5:$T$34)) | D25: {=IF(C25<1,"",AVERAGE(IF(('입력'!$B$5:$B$34=1)*ISNUMBER('입력'!$S$5:$S$34)*ISNUMBER('입력'!$T$5:$T$34),'입력'!$S$5:$S$34)))} | E25: {=IF(C25<2,"",STDEV(IF(('입력'!$B$5:$B$34=1)*ISNUMBER('입력'!$S$5:$S$34)*ISNUMBER('입력'!$T$5:$T$34),'입력'!$S$5:$S$34)))} | F25: {=IF(C25<1,"",AVERAGE(IF(('입력'!$B$5:$B$34=1)*ISNUMBER('입력'!$S$5:$S$34)*ISNUMBER('입력'!$T$5:$T$34),'입력'!$T$5:$T$34)))} | G25: {=IF(C25<2,"",STDEV(IF(('입력'!$B$5:$B$34=1)*ISNUMBER('입력'!$S$5:$S$34)*ISNUMBER('입력'!$T$5:$T$34),'입력'!$T$5:$T$34)))} | H25: {=IF(C25<2,"",STDEV(IF(('입력'!$B$5:$B$34=1)*ISNUMBER('입력'!$S$5:$S$34)*ISNUMBER('입력'!$T$5:$T$34),'입력'!$T$5:$T$34-'입력'!$S$5:$S$34)))} | I25: =IF(OR(C25<2,H25=""),"",IF(ROUND(H25,10)=0,"",(D25-F25)/(H25/SQRT(C25)))) | J25: =IF(I25="","",C25-1) | K25: =IF(I25="","",TDIST(ABS(I25),J25,2)) | L25: =IF(D25="","",TEXT(D25,"0.00")&"±"&IF(E25="","",TEXT(E25,"0.00"))) | M25: =IF(F25="","",TEXT(F25,"0.00")&"±"&IF(G25="","",TEXT(G25,"0.00"))) | N25: =IF(K25="","",TEXT(I25,"0.000")&" ("&IF(K25<0.001,"<.001",TEXT(K25,".000"))&")")
B26: 통제군 | C26: =SUMPRODUCT(('입력'!$B$5:$B$34=2)*ISNUMBER('입력'!$S$5:$S$34)*ISNUMBER('입력'!$T$5:$T$34)) | D26: {=IF(C26<1,"",AVERAGE(IF(('입력'!$B$5:$B$34=2)*ISNUMBER('입력'!$S$5:$S$34)*ISNUMBER('입력'!$T$5:$T$34),'입력'!$S$5:$S$34)))} | E26: {=IF(C26<2,"",STDEV(IF(('입력'!$B$5:$B$34=2)*ISNUMBER('입력'!$S$5:$S$34)*ISNUMBER('입력'!$T$5:$T$34),'입력'!$S$5:$S$34)))} | F26: {=IF(C26<1,"",AVERAGE(IF(('입력'!$B$5:$B$34=2)*ISNUMBER('입력'!$S$5:$S$34)*ISNUMBER('입력'!$T$5:$T$34),'입력'!$T$5:$T$34)))} | G26: {=IF(C26<2,"",STDEV(IF(('입력'!$B$5:$B$34=2)*ISNUMBER('입력'!$S$5:$S$34)*ISNUMBER('입력'!$T$5:$T$34),'입력'!$T$5:$T$34)))} | H26: {=IF(C26<2,"",STDEV(IF(('입력'!$B$5:$B$34=2)*ISNUMBER('입력'!$S$5:$S$34)*ISNUMBER('입력'!$T$5:$T$34),'입력'!$T$5:$T$34-'입력'!$S$5:$S$34)))} | I26: =IF(OR(C26<2,H26=""),"",IF(ROUND(H26,10)=0,"",(D26-F26)/(H26/SQRT(C26)))) | J26: =IF(I26="","",C26-1) | K26: =IF(I26="","",TDIST(ABS(I26),J26,2)) | L26: =IF(D26="","",TEXT(D26,"0.00")&"±"&IF(E26="","",TEXT(E26,"0.00"))) | M26: =IF(F26="","",TEXT(F26,"0.00")&"±"&IF(G26="","",TEXT(G26,"0.00"))) | N26: =IF(K26="","",TEXT(I26,"0.000")&" ("&IF(K26<0.001,"<.001",TEXT(K26,".000"))&")")
A27: FMS 하위항목은 0–3점 서열척도이므로 논문에서는 Wilcoxon 부호순위검정을 권합니다. 이 시트의 p는 참고용 대응표본 t검정 값입니다.
