Workbook
Name grp: '대상자_VO2max'!$B$4:$B$33
Name inc: '대상자_VO2max'!$D$4:$D$33
Name vo2_pre: '대상자_VO2max'!$O$4:$O$33
Name vo2_post: '대상자_VO2max'!$X$4:$X$33
Name d_vo2: '대상자_VO2max'!$AF$4:$AF$33
Name wt_pre: '대상자_VO2max'!$N$4:$N$33
Name wt_post: '대상자_VO2max'!$W$4:$W$33
Name d_wt: '대상자_VO2max'!$AH$4:$AH$33
Name age: '대상자_VO2max'!$I$4:$I$33
Name height: '대상자_VO2max'!$J$4:$J$33
Name career: '대상자_VO2max'!$L$4:$L$33
Name sex: '대상자_VO2max'!$H$4:$H$33
Name grp_f: 'FMS'!$B$4:$B$33
Name inc_f: 'FMS'!$C$4:$C$33
Name fms_pre: 'FMS'!$BI$4:$BI$33
Name fms_post: 'FMS'!$BJ$4:$BJ$33
Name d_fms: 'FMS'!$BK$4:$BK$33
Name fms_avg_pre: 'FMS'!$BP$4:$BP$33
Name fms_avg_post: 'FMS'!$BQ$4:$BQ$33
Name d_fms_avg: 'FMS'!$BR$4:$BR$33
Name asym_pre: 'FMS'!$AW$4:$AW$33
Name asym_post: 'FMS'!$BG$4:$BG$33
Name DS_pre_s: 'FMS'!$AO$4:$AO$33
Name DS_post_s: 'FMS'!$AY$4:$AY$33
Name HS_pre_s: 'FMS'!$AP$4:$AP$33
Name HS_post_s: 'FMS'!$AZ$4:$AZ$33
Name ILL_pre_s: 'FMS'!$AQ$4:$AQ$33
Name ILL_post_s: 'FMS'!$BA$4:$BA$33
Name SM_pre_s: 'FMS'!$AR$4:$AR$33
Name SM_post_s: 'FMS'!$BB$4:$BB$33
Name ASLR_pre_s: 'FMS'!$AS$4:$AS$33
Name ASLR_post_s: 'FMS'!$BC$4:$BC$33
Name TSPU_pre_s: 'FMS'!$AT$4:$AT$33
Name TSPU_post_s: 'FMS'!$BD$4:$BD$33
Name RS_pre_s: 'FMS'!$AU$4:$AU$33
Name RS_post_s: 'FMS'!$BE$4:$BE$33

Sheet 안내
A1: H-IFIT 연구 원자료 입력 양식
A2: 12주 고강도 기능성 인터벌 트레이닝 × 대학 태권도 겨루기 선수 (VO2max · FMS)
A4: 목적
B5: 원자료로 포스터 수치를 다시 계산하고(특히 FMS 총점 평균과 t값이 서로 맞지 않는 문제), 통제군 기술통계·자유도·효과크기·95% CI·대상자 특성을 구해 원고의 표 1·3·4와 연구방법을 완성하기 위한 양식입니다.
A6: 가장 중요한 원칙
A7: ! | B7: 원 기록지·측정 출력물의 값을 그대로 입력하세요. 포스터 값과 달라도 원자료를 고치거나 대상자를 빼지 마세요. '다름'은 그대로 보고할 결과입니다. 입력 실수를 고쳤다면 '수정기록' 시트에 원래 값과 근거를 남깁니다.
A8: 작성 순서
A9: 1 연구정보 | B9: 배정·IRB·측정 장비·FMS 평가자 등에 답하고 근거(문서·기록 / 기억 / 모름)를 고릅니다.
A10: 2 대상자_VO2max | B10: 1명당 1행(4–33행). ID·집단·분석포함·인적사항·사전/사후 체중과 VO2max.
A11: 3 FMS | B11: ID를 직접 입력하고 하위항목 원점수를 입력합니다. 집단·분석포함은 ID로 자동 연결되므로 행 순서는 달라도 됩니다.
A12: 3b FMS_평가자2 | B12: (선택) 평가자가 2명이고 두 사람 점수를 따로 갖고 있으면 평가자2 점수를 입력합니다.
A13: 4 출석_훈련기록 | B13: 실험군 회기별 출석(1/0), 35행에는 전체 취소된 회기에만 0, 정규훈련 시간·강도(두 집단).
A14: 5 주차별_프로그램 | B14: 주차별 실제 운동 구성(종목·시간·세트·휴식).
A15: 6 대상자_흐름 | B15: 적격성 평가 → 배정 → 중단·추적 소실 → 결과별 분석 인원.
A16: 7 자동검산 | B16: 확인만 하면 됩니다. 결과는 기록용이며, 포스터 값과 같은지 다른지 표시됩니다.
A17: 색 구분
A18: 노란 칸 + 파란 글씨 | B18: 직접 입력하는 칸
A19: 회색 칸 | B19: 자동 계산 칸. 수정하거나 지우지 마세요.
A20: 연회색 기울임 (3행) | B20: 예시 행. 자료 범위 밖이라 분석에서 빠지므로 그대로 두셔도 됩니다.
A21: 주황 칸 | B21: 입력 점검 경고. 원 기록을 확인해 입력 실수면 고치고(수정기록에 기재), 기록과 같으면 그대로 둡니다.
A22: 파란 칸 (자동검산 H) | B22: 포스터 값과 다름. 오류 표시가 아니라 기록입니다.
A23: 코딩 규칙
A24: 집단 | B24: 1 = 실험군(H-IFIT), 2 = 통제군(정규훈련)
A25: 분석포함 | B25: 1 = 포함, 0 = 제외(제외 사유를 목록에서 고르고 상세를 적음). 빈칸은 제외로 처리되며 경고가 뜹니다. 탈락자도 행을 지우지 마세요.
A26: 결과별 포함 | B26: 대상자 시트의 분석포함은 VO2max에 적용되고 FMS에도 기본으로 따라갑니다. 결과마다 다르면(예: VO2max만 최대치 판정 미충족으로 제외) FMS 시트의 'FMS만 분석포함' 칸에 1/0을 따로 넣습니다.
A27: 성별 | B27: 1 = 남, 2 = 여
A28: FMS 약어 | B28: DS=Deep Squat, HS=Hurdle Step, ILL=In-line Lunge, SM=Shoulder Mobility, ASLR=Active Straight Leg Raise, TSPU=Trunk Stability Push-up, RS=Rotary Stability
A29: FMS 원점수 | B29: 0–3. 양측 항목(HS, ILL, SM, ASLR, RS)은 좌·우를 따로 입력하면 낮은 점수가 항목 점수가 됩니다. 동작 중 통증이 있었으면 그 원점수에 0을 입력합니다. 평가자 평균 등으로 소수라면 그대로 입력하세요(경고만 뜸).
A30: Clearing test | B30: 1 = 통증 있음 → 해당 항목 0점(SM←어깨 충돌, TSPU←척추 신전, RS←척추 굴곡; SM은 좌·우 중 한쪽이라도 통증이면 1), 0 = 없음. 검사하지 않았거나 기록이 없으면 빈칸(통증 없음으로 계산하고 자동검산 J에 개수 표시).
A31: FMS 총점만 있을 때 | B31: 하위항목이 없으면 '총점 기존 SPSS·포스터 값' 칸에만 넣어도 계산됩니다. 이 경우 검증이 아니라 재집계라는 점이 J에 표시됩니다.
A32: 결측값 | B32: 측정하지 않았거나 모르는 값은 반드시 빈칸. 0을 넣으면 실제 0으로 계산됩니다.
A33: 날짜 | B33: 2025-03-03처럼 하이픈으로 입력(2025.03.03은 날짜로 인식되지 않음).
A34: ID | B34: 실명 대신 코드(E01–E13, C01–C12 등). 같은 사람은 모든 시트에서 같은 ID.
A35: 행 관련 | B35: 자료 범위는 4–33행(30명)입니다. 행을 삽입·삭제하지 마세요. 정렬은 권하지 않습니다. 꼭 필요하면 4–33행만 선택한 뒤 [정렬] 대화상자에서 '머리글 포함'을 끄고 정렬하세요(1–3행이 섞이면 대상자가 분석에서 빠짐). FMS·출석 시트는 ID로 연결됩니다.
A36: 포스터 수치가 다르게 나올 수 있는 이유 (중립적 후보)
B37: 평가자 점수의 평균 사용, 좌우 점수를 평균·합산한 다른 채점 규칙, 실제 분석 인원 차이(탈락자), 다른 버전의 자료 파일, 공변량을 넣은 분석(ANCOVA), 포스터로 옮겨 적을 때의 전사 오류. 어느 것인지는 자료와 연구정보 답으로 확인합니다.
A38: Excel·SPSS
A39: Excel | B39: 파일을 열면 자동으로 계산됩니다. 위쪽에 '편집 사용' 버튼이 보이면 눌러야 계산 결과가 나타납니다.
A40: SPSS | B40: 1행이 SPSS 변수명입니다. 복사본에서 2·3행을 지우고, 불러올 때 범위를 마지막 대상자 행까지만 지정하세요(빈 행의 ""가 문자 변수로 읽힐 수 있음). 불러온 뒤 숫자 열이 문자형이면 ALTER TYPE d_vo2 pct_vo2 d_wt (F8.3). 처럼 바꿉니다. group_lbl, chk_vo2, chk_fms 같은 문자 열은 분석에서 빼세요.
A41: 보낼 것
B42: 작성한 이 파일 + 있으면 기존 SPSS 파일(.sav)과 출력(.spv) + IRB 승인번호. 받으면 최종 분석(비모수 검정, ICC 등)과 원고 수정을 진행합니다.

Sheet 연구정보
A1: 연구 정보 (원고 '연구방법' 작성용)
A2: 노란 칸에 답하고, E열에 근거(문서·기록 / 기억 / 모름)를 고르세요. 모르면 '모름', 하지 않았으면 '미실시'라고 적어 주세요. 사실과 다른 답보다 '모름'이 훨씬 낫습니다. '기억'으로 표시한 답은 원고에 조심스럽게 쓰거나 투고 전에 기록으로 확인합니다.
A4: 번호 | B4: 확인 항목 | C4: 입력 (답변) | D4: 왜 필요한가 | E4: 근거
A5: A. 설계·배정
A6: A1 | B6: 무작위 배정을 했는가 (예 / 아니오) | D6: 예=무작위 대조시험(CONSORT), 아니오=비무작위 대조연구(TREND)
A7: A2 | B7: 배정 단위 (개인 / 팀·학교) | D7: 팀 단위면 군집 구조를 분석·기술해야 함
A8: A3 | B8: 무작위라면 방법 (난수표·제비뽑기·블록/층화 여부), 배정한 사람, 배정 은폐 방법 | D8: CONSORT 필수 항목
A9: A4 | B9: 무작위가 아니라면 배정 기준 (자원, 지도자 지정, 소속 팀 등) | D9: 선택편향 논의
A10: A5 | B10: 측정자 눈가림 여부 (VO2max·FMS 측정자가 집단을 알았는가) | D10: 측정 편향 대응
A11: A6 | B11: 연구계획서·분석계획 문서가 있는가, 작성 시점 (자료 수집 전/후), 일차·이차 결과변수와 가설 | D11: 결과를 보고 가설을 세웠다는 의심 방지
A12: A7 | B12: 임상연구 등록 여부, 등록처 (CRIS 등), 등록번호, 등록일 (미등록이면 '미등록') | D12: CONSORT·TREND 보고 항목
A13: B. 대상자
A14: B1 | B14: 소속 기관·팀 (익명 가능: 예) 경기도 소재 A대학 태권도부) | D14: 대상 기술
A15: B2 | B15: 모집 기간, 중재 시작일과 종료일 | D15: 중재 시점·시합 일정 확인
A16: B3 | B16: 선정 기준 (예: 경력 5년 이상, 최근 6개월 부상 없음) | D16: 필수
A17: B4 | B17: 제외 기준 | D17: 필수
A18: B5 | B18: 표본수 산출 근거 (G*Power: 효과크기 f, α, 검정력, 산출 인원). 사전에 하지 않았으면 '사전 산출 없음' | D18: 심사 단골 지적. 사후에 맞춰 만들지 않음
A19: B6 | B19: 시즌 구분 (시합기 / 준비기 / 비시즌)과 중재 기간 중 출전한 대회 | D19: 교란변수
A20: C. 연구윤리
A21: C1 | B21: IRB 심의 상태 (승인 / 면제 / 심의 받지 않음)와 심의 기관명 | D21: 사실대로 기재. 사후 승인이면 사후 승인으로 표기
A22: C2 | B22: IRB 승인번호, 승인일. 승인일이 첫 사전 측정일보다 앞서는가 | D22: 본문 기재 사항
A23: C3 | B23: 서면 동의 취득 여부 (미성년자 포함 시 보호자 동의) | D23: 필수
A24: C4 | B24: 개인정보 보호 방법 (코드화, 자료 보관자·장소·기간) | D24: 연구윤리 기술
A25: C5 | B25: 중재 중 안전관리 (사전 건강 확인, 현장 인원, 운동 중단 기준) | D25: 고강도 중재의 안전성 기술
A26: D. 중재·비교조건
A27: D1 | B27: 실험군은 정규훈련에 H-IFIT를 '추가'했는가, 정규훈련 일부를 H-IFIT로 '대체'했는가 | D27: 핵심: 두 집단 총 운동량 차이
A28: D2 | B28: 통제군 정규훈련 내용 (겨루기·기술·체력 등 구성) | D28: 비교조건 기술
A29: D3 | B29: 정규훈련 주당 횟수·시간·강도(RPE 등): 두 집단 각각, 중재 기간 중 | D29: 총 훈련량 비교
A30: D4 | B30: H-IFIT 지도자 (자격·경력), 장소, 장비 | D30: 재현성
A31: D5 | B31: HRmax 산출 방법 (검사 실측 / 220−연령 / 기타), 심박 측정 장비 모델, 심박 기록 회기 | D31: 강도 보고
A32: D6 | B32: RPE 척도 (Borg 6–20 / CR-10)와 수집 시점 (회기 종료 후 몇 분) | D32: 강도 보고
A33: D7 | B33: 주차별 진행(점증) 기준 (예: 4주마다 운동:휴식 비율 변경) | D33: 주차별_프로그램 시트와 함께
A34: D8 | B34: 두 집단의 중재 기간 중 부상·이상반응 (없으면 '없음, 기록 있음' / '기록 없음' 구분) | D34: 위해 보고
A35: D9 | B35: '본운동 40분'에 휴식·세트 간 휴식·전환 시간이 포함되는가 | D35: 포스터 범위(6–10종목·3–4세트)와 40분의 정합성
A36: D10 | B36: 12개 운동 중 회기별 6–10개를 고른 기준과 실시 순서 | D36: 재현성
A37: D11 | B37: 수면·영양·개인 추가훈련 통제 여부 (두 집단) | D37: 교란변수
A38: E. VO2max 측정
A39: E1 | B39: 트레드밀 제조사·모델 | D39: 필수
A40: E2 | B40: 호흡가스 분석기 제조사·모델 (직접 측정인지, 추정식인지) | D40: 직접 측정이 아니면 '추정 VO2max'로 표기
A41: E3 | B41: 가스분석기 보정 절차 (매 검사 전 가스·유량 보정 등) | D41: 측정 신뢰도
A42: E4 | B42: 부하 프로토콜 (Bruce / 수정 Bruce / 자체: 단계별 속도·경사·시간) | D42: 필수
A43: E5 | B43: 종료 기준과 최대치 판정 기준 (예: RER ≥ 1.10, 최고심박 ≥ 연령예측 95%, VO2 plateau, RPE ≥ 17 중 2개 이상) | D43: VO2max / VO2peak 명칭 결정. 대상자 시트의 '충족 기준 수'는 이 예시 기준으로 계산
A44: E6 | B44: VO2max 값 산출 방식 (30초 평균 최고값 / 15초 / breath-by-breath) | D44: 방법 기술
A45: E7 | B45: VO2max·FMS 각각의 측정 시간대와 사전 금지사항 (24시간 고강도 운동·카페인 금지 등) | D45: 표준화
A46: E8 | B46: 사후 측정은 마지막 훈련 후 며칠(몇 시간) 뒤였는가 (VO2max·FMS 각각) | D46: 피로 영향
A47: F. FMS 측정
A48: F1 | B48: 평가자 수와 FMS 자격(Level 1 등)·경력 | D48: 필수
A49: F2 | B49: 사전·사후 평가자가 같은 사람인가 | D49: 측정 일관성
A50: F3 | B50: 실시간 판정인가, 영상 촬영 후 판정인가 (촬영 각도) | D50: 신뢰도
A51: F4 | B51: 각 항목 시도 횟수와 채점 규칙 (3회 중 최고점 등) | D51: 매뉴얼 준수
A52: F5 | B52: 평가자가 2명 이상이면 최종 점수 결정 방식 (합의 / 평균 / 1명 점수 사용) | D52: 총점이 소수가 되는 원인 확인
A53: F6 | B53: 평가자 간·평가자 내 신뢰도 산출 여부와 값 (ICC, kappa) | D53: 심사 단골 지적. 두 평가자 점수가 있으면 FMS_평가자2 시트로 계산 가능
A54: F7 | B54: Clearing test(어깨·척추 신전·척추 굴곡) 실시 여부 | D54: 통증이면 해당 항목 0점
A55: F8 | B55: FMS 측정 순서 (VO2max 검사 전/후, 같은 날/다른 날) | D55: 피로 영향
A56: F9 | B56: 좌우 점수 처리 방식 (낮은 쪽 점수 / 좌우 평균 / 좌우 합산 / 기타)과 총점 만점 (21점 / 기타) | D56: 이 양식은 '낮은 쪽, 21점 만점'(Cook 2014)으로 계산. 다르면 포스터와 같은 기준이 아님
A57: F10 | B57: 적용한 FMS 매뉴얼·판본 (Cook 2014 / FMS Level 1 교재 등) | D57: 방법 기술
A58: F11 | B58: 선수들이 연구 전에 FMS를 받아 보거나 연습한 적이 있는가 | D58: 학습효과 교란
A59: G. 분석
A60: G1 | B60: 포스터 수치를 낸 SPSS 파일(.sav)과 출력(.spv)이 있는가 | D60: 수치 재현
A61: G2 | B61: 포스터 분석에 실제 쓰인 인원: VO2max (실험 n, 통제 n), FMS (실험 n, 통제 n) | D61: 결과별 분석 인원
A62: G3 | B62: 포스터 F값을 낸 분석 (SPSS 메뉴: 일반선형모형-반복측정 / 공분산분석 등)과 공변량 | D62: 자동검산의 F와 다를 때 원인 확인
A63: G4 | B63: 분석 단위 (개인 / 팀)와 같은 팀 선수 포함 여부 | D63: 관측 독립성
A64: G5 | B64: .spv가 없으면 출력에 적힌 자유도·F·t·p 값을 그대로 옮겨 적기 | D64: 자유도 보고
A65: G6 | B65: 결측치 처리 방법 (완전사례 분석 / 기타) | D65: 방법 기술
A66: G7 | B66: 정규성 검정 실시 여부와 결과 (Shapiro-Wilk 등) | D66: 모수/비모수 선택 근거
A67: G8 | B67: FMS 하위항목 검정: 방법 (대응 t / Wilcoxon / 기타), 집단 내 전후 비교인가 집단×시기인가, 다중비교 보정, 항목별 검정값·p (집단별) | D67: 원고 표 5 해석
A68: G9 | B68: 사후검정 실시 여부 | D68: 방법 기술
A69: G10 | B69: 포스터 분석을 수행한 사람 | D69: 자료 추적
A70: G11 | B70: 이 양식에 입력한 값의 출처: VO2max (가스분석기 출력물 / 기록지 / 기존 SPSS), FMS (채점지 / 영상 / 기존 SPSS) | D70: 원자료 검증인지 SPSS 재집계인지 구분
A71: H. 투고 정보
A72: H1 | B72: 포스터 발표: 공식 행사명, 발표일, 장소, 초록집 수록 여부·쪽수 | D72: 선행 발표 고지
A73: H2 | B73: 포스터 'Research Background'의 'H-IFIT가 Deep Squat를 유의하게 개선' 문장 출처 (본 연구 결과 / 선행연구) | D73: 원고에서 출처 불명으로 지적됨
A74: H3 | B74: 저자 전원의 국문·영문 성명, 국문·영문 소속, 직위, 이메일, 최종 저자 순서 | D74: 원고에 '확인 필요'로 남아 있음
A75: H4 | B75: 교신저자 (Ki-Seung Ham)의 국문 성명, 소속, 직위, 이메일 | D75: 영문 표기에서 국문 이름을 추정하지 않음
A76: H5 | B76: 연구비 지원 여부, 이해상충 | D76: 필수
A77: H6 | B77: 저자별 기여 (연구설계, 자료수집, 분석, 집필) | D77: 학술지 요구 시
A78: H7 | B78: 연구 전 과정에서 쓴 AI 도구명·버전과 사용 단계 (문헌 검색, 원고 작성·번역, 통계 검산, 자료 입력 양식 작성 등), 저자 검증 여부 | D78: 국기원 연구윤리지침상 공개
A79: H8 | B79: 자료 이용 가능성 (요청 시 제공 / 비공개와 사유) | D79: 원고 기재 사항
A80: H9 | B80: 학위논문의 일부인가, 포스터 외 다른 학술지·학술대회에 발표·게재했는가 | D80: 중복게재 고지

Sheet 대상자_VO2max
A1: ID | B1: group | C1: group_lbl | D1: include | E1: excl_reason | F1: excl_detail | G1: team | H1: sex | I1: age | J1: height | K1: wclass | L1: career | M1: level | N1: wt_pre | O1: vo2_pre | P1: vo2abs_pre | Q1: hrmax_pre | R1: rer_pre | S1: rpe_pre | T1: plateau_pre | U1: crit_pre | V1: date_pre | W1: wt_post | X1: vo2_post | Y1: vo2abs_post | Z1: hrmax_post | AA1: rer_post | AB1: rpe_post | AC1: plateau_post | AD1: crit_post | AE1: date_post | AF1: d_vo2 | AG1: pct_vo2 | AH1: d_wt | AI1: critn_pre | AJ1: critn_post | AK1: chk_vo2
A2: 대상자 ID (예: E01, C01) | B2: 집단 1=실험 2=통제 | C2: 집단명 (자동) | D2: 분석 포함 1=포함 0=제외 (FMS는 기본값) | E2: 제외 사유 (목록 선택) | F2: 제외 사유 상세 | G2: 소속 팀· 대학 코드 | H2: 성별 1=남 2=여 | I2: 연령 (만, 세) | J2: 신장 (cm) | K2: 체급 (예: -68kg) | L2: 선수 경력 (년) | M2: 등록 수준·단· 주요 입상 | N2: 사전 체중 (kg) | O2: 사전 VO2max (mL/kg/min) | P2: 사전 VO2max 절대값 (mL/min) | Q2: 사전 검사 최고심박 (bpm) | R2: 사전 검사 최고 RER | S2: 사전 검사 종료 RPE (6–20) | T2: 사전 VO2 plateau 1=예 0=아니오 | U2: 사전 최대치 판정 충족 1=예 0=아니오 | V2: 사전 VO2max 검사일 (YYYY-MM-DD) | W2: 사후 체중 (kg) | X2: 사후 VO2max (mL/kg/min) | Y2: 사후 VO2max 절대값 (mL/min) | Z2: 사후 검사 최고심박 (bpm) | AA2: 사후 검사 최고 RER | AB2: 사후 검사 종료 RPE (6–20) | AC2: 사후 VO2 plateau 1=예 0=아니오 | AD2: 사후 최대치 판정 충족 1=예 0=아니오 | AE2: 사후 VO2max 검사일 (YYYY-MM-DD) | AF2: VO2max 변화 사후−사전 (자동) | AG2: VO2max 변화율 (자동) | AH2: 체중 변화 (kg, 자동) | AI2: 사전 충족 기준 수 (0–4, 자동) | AJ2: 사후 충족 기준 수 (0–4, 자동) | AK2: 자동 점검 (경고가 있으면 주황색)
A3: 예시 | B3: 1 | C3: =IF(B3="","",IF(B3=1,"실험군",IF(B3=2,"통제군","코드오류"))) | D3: 0 | E3: 기타 | F3: 예시 행(분석 제외) | G3: A대 | H3: 1 | I3: 20 | J3: 176.4 | K3: -68kg | L3: 8.5 | M3: 대학부 등록, 3단 | N3: 68.2 | O3: 48.3 | P3: 3294 | Q3: 196 | R3: 1.15 | S3: 19 | T3: 1 | U3: 1 | V3: 45719 | W3: 67.5 | X3: 52.4 | Y3: 3537 | Z3: 195 | AA3: 1.13 | AB3: 19 | AC3: 0 | AD3: 1 | AE3: 45807 | AF3: =IF(AND(ISNUMBER(O3),ISNUMBER(X3)),X3-O3,"") | AG3: =IF(AND(ISNUMBER(O3),ISNUMBER(X3)),IF(O3<>0,(X3-O3)/O3,""),"") | AH3: =IF(AND(ISNUMBER(N3),ISNUMBER(W3)),W3-N3,"") | AI3: =IF(COUNT(R3,Q3,S3,T3)=0,"",IF(ISNUMBER(R3),--(R3>=1.1),0)+IF(AND(ISNUMBER(Q3),ISNUMBER(I3)),--(Q3>=0.95*(220-I3)),0)+IF(ISNUMBER(S3),--(S3>=17),0)+IF(ISNUMBER(T3),--(T3=1),0)) | AJ3: =IF(COUNT(AA3,Z3,AB3,AC3)=0,"",IF(ISNUMBER(AA3),--(AA3>=1.1),0)+IF(AND(ISNUMBER(Z3),ISNUMBER(I3)),--(Z3>=0.95*(220-I3)),0)+IF(ISNUMBER(AB3),--(AB3>=17),0)+IF(ISNUMBER(AC3),--(AC3=1),0)) | AK3: =IF(A3="","",TRIM(IF(COUNTIF($A$4:$A$33,A3)>1,"ID 중복 ","")&IF(LEN(A3)<>LEN(TRIM(A3)),"ID 앞뒤 공백 ","")&IF(AND(B3<>1,B3<>2),"집단코드 확인 ","")&IF(OR(D3="",AND(D3<>0,D3<>1)),"분석포함 코드 확인(빈칸=제외됨) ","")&IF(AND(ISNUMBER(D3),D3=0,E3=""),"제외 사유 없음 ","")&IF(AND(O3<>"",NOT(ISNUMBER(O3))),"사전VO2 숫자 아님 ","")&IF(AND(X3<>"",NOT(ISNUMBER(X3))),"사후VO2 숫자 아님 ","")&IF(AND(N3<>"",NOT(ISNUMBER(N3))),"사전체중 숫자 아님 ","")&IF(AND(W3<>"",NOT(ISNUMBER(W3))),"사후체중 숫자 아님 ","")&IF(ISNUMBER(O3),IF(OR(O3<25,O3>85),"사전VO2 범위(25–85) 확인 ",""),"")&IF(ISNUMBER(X3),IF(OR(X3<25,X3>85),"사후VO2 범위(25–85) 확인 ",""),"")&IF(AND(ISNUMBER(O3),ISNUMBER(X3)),IF(ABS(X3-O3)>12,"VO2 변화량 12 초과 확인 ",""),"")&IF(AND(ISNUMBER(P3),ISNUMBER(N3),ISNUMBER(O3)),IF(N3<=0,"사전 체중 확인 ",IF(ABS(P3/N3-O3)>0.5,"사전 절대값/체중≠상대값 ","")),"")&IF(AND(ISNUMBER(Y3),ISNUMBER(W3),ISNUMBER(X3)),IF(W3<=0,"사후 체중 확인 ",IF(ABS(Y3/W3-X3)>0.5,"사후 절대값/체중≠상대값 ","")),"")&IF(ISNUMBER(R3),IF(OR(R3<0.85,R3>1.5),"사전 RER 범위 확인 ",""),"")&IF(ISNUMBER(AA3),IF(OR(AA3<0.85,AA3>1.5),"사후 RER 범위 확인 ",""),"")&IF(ISNUMBER(Q3),IF(OR(Q3<150,Q3>225),"사전 최고심박 범위 확인 ",""),"")&IF(ISNUMBER(Z3),IF(OR(Z3<150,Z3>225),"사후 최고심박 범위 확인 ",""),"")&IF(AND(ISNUMBER(U3),ISNUMBER(AI3)),IF(AND(U3=1,AI3<2),"사전 판정충족=1이나 기준 2개 미만 ",""),"")&IF(AND(ISNUMBER(AD3),ISNUMBER(AJ3)),IF(AND(AD3=1,AJ3<2),"사후 판정충족=1이나 기준 2개 미만 ",""),"")&IF(AND(V3<>"",NOT(ISNUMBER(V3))),"사전 검사일 날짜형식 아님 ","")&IF(AND(AE3<>"",NOT(ISNUMBER(AE3))),"사후 검사일 날짜형식 아님 ","")&IF(AND(ISNUMBER(V3),ISNUMBER(AE3)),IF(AE3<=V3,"검사일 역전 ",IF(OR(AE3-V3<77,AE3-V3>126),"사전–사후 간격(11–18주) 확인 ","")),"")&IF(D3=1,IF(OR(NOT(ISNUMBER(O3)),NOT(ISNUMBER(X3))),"분석포함인데 VO2 결측 ",""),"")))
C4: =IF(B4="","",IF(B4=1,"실험군",IF(B4=2,"통제군","코드오류"))) | AF4: =IF(AND(ISNUMBER(O4),ISNUMBER(X4)),X4-O4,"") | AG4: =IF(AND(ISNUMBER(O4),ISNUMBER(X4)),IF(O4<>0,(X4-O4)/O4,""),"") | AH4: =IF(AND(ISNUMBER(N4),ISNUMBER(W4)),W4-N4,"") | AI4: =IF(COUNT(R4,Q4,S4,T4)=0,"",IF(ISNUMBER(R4),--(R4>=1.1),0)+IF(AND(ISNUMBER(Q4),ISNUMBER(I4)),--(Q4>=0.95*(220-I4)),0)+IF(ISNUMBER(S4),--(S4>=17),0)+IF(ISNUMBER(T4),--(T4=1),0)) | AJ4: =IF(COUNT(AA4,Z4,AB4,AC4)=0,"",IF(ISNUMBER(AA4),--(AA4>=1.1),0)+IF(AND(ISNUMBER(Z4),ISNUMBER(I4)),--(Z4>=0.95*(220-I4)),0)+IF(ISNUMBER(AB4),--(AB4>=17),0)+IF(ISNUMBER(AC4),--(AC4=1),0)) | AK4: =IF(A4="","",TRIM(IF(COUNTIF($A$4:$A$33,A4)>1,"ID 중복 ","")&IF(LEN(A4)<>LEN(TRIM(A4)),"ID 앞뒤 공백 ","")&IF(AND(B4<>1,B4<>2),"집단코드 확인 ","")&IF(OR(D4="",AND(D4<>0,D4<>1)),"분석포함 코드 확인(빈칸=제외됨) ","")&IF(AND(ISNUMBER(D4),D4=0,E4=""),"제외 사유 없음 ","")&IF(AND(O4<>"",NOT(ISNUMBER(O4))),"사전VO2 숫자 아님 ","")&IF(AND(X4<>"",NOT(ISNUMBER(X4))),"사후VO2 숫자 아님 ","")&IF(AND(N4<>"",NOT(ISNUMBER(N4))),"사전체중 숫자 아님 ","")&IF(AND(W4<>"",NOT(ISNUMBER(W4))),"사후체중 숫자 아님 ","")&IF(ISNUMBER(O4),IF(OR(O4<25,O4>85),"사전VO2 범위(25–85) 확인 ",""),"")&IF(ISNUMBER(X4),IF(OR(X4<25,X4>85),"사후VO2 범위(25–85) 확인 ",""),"")&IF(AND(ISNUMBER(O4),ISNUMBER(X4)),IF(ABS(X4-O4)>12,"VO2 변화량 12 초과 확인 ",""),"")&IF(AND(ISNUMBER(P4),ISNUMBER(N4),ISNUMBER(O4)),IF(N4<=0,"사전 체중 확인 ",IF(ABS(P4/N4-O4)>0.5,"사전 절대값/체중≠상대값 ","")),"")&IF(AND(ISNUMBER(Y4),ISNUMBER(W4),ISNUMBER(X4)),IF(W4<=0,"사후 체중 확인 ",IF(ABS(Y4/W4-X4)>0.5,"사후 절대값/체중≠상대값 ","")),"")&IF(ISNUMBER(R4),IF(OR(R4<0.85,R4>1.5),"사전 RER 범위 확인 ",""),"")&IF(ISNUMBER(AA4),IF(OR(AA4<0.85,AA4>1.5),"사후 RER 범위 확인 ",""),"")&IF(ISNUMBER(Q4),IF(OR(Q4<150,Q4>225),"사전 최고심박 범위 확인 ",""),"")&IF(ISNUMBER(Z4),IF(OR(Z4<150,Z4>225),"사후 최고심박 범위 확인 ",""),"")&IF(AND(ISNUMBER(U4),ISNUMBER(AI4)),IF(AND(U4=1,AI4<2),"사전 판정충족=1이나 기준 2개 미만 ",""),"")&IF(AND(ISNUMBER(AD4),ISNUMBER(AJ4)),IF(AND(AD4=1,AJ4<2),"사후 판정충족=1이나 기준 2개 미만 ",""),"")&IF(AND(V4<>"",NOT(ISNUMBER(V4))),"사전 검사일 날짜형식 아님 ","")&IF(AND(AE4<>"",NOT(ISNUMBER(AE4))),"사후 검사일 날짜형식 아님 ","")&IF(AND(ISNUMBER(V4),ISNUMBER(AE4)),IF(AE4<=V4,"검사일 역전 ",IF(OR(AE4-V4<77,AE4-V4>126),"사전–사후 간격(11–18주) 확인 ","")),"")&IF(D4=1,IF(OR(NOT(ISNUMBER(O4)),NOT(ISNUMBER(X4))),"분석포함인데 VO2 결측 ",""),"")))
C5: =IF(B5="","",IF(B5=1,"실험군",IF(B5=2,"통제군","코드오류"))) | AF5: =IF(AND(ISNUMBER(O5),ISNUMBER(X5)),X5-O5,"") | AG5: =IF(AND(ISNUMBER(O5),ISNUMBER(X5)),IF(O5<>0,(X5-O5)/O5,""),"") | AH5: =IF(AND(ISNUMBER(N5),ISNUMBER(W5)),W5-N5,"") | AI5: =IF(COUNT(R5,Q5,S5,T5)=0,"",IF(ISNUMBER(R5),--(R5>=1.1),0)+IF(AND(ISNUMBER(Q5),ISNUMBER(I5)),--(Q5>=0.95*(220-I5)),0)+IF(ISNUMBER(S5),--(S5>=17),0)+IF(ISNUMBER(T5),--(T5=1),0)) | AJ5: =IF(COUNT(AA5,Z5,AB5,AC5)=0,"",IF(ISNUMBER(AA5),--(AA5>=1.1),0)+IF(AND(ISNUMBER(Z5),ISNUMBER(I5)),--(Z5>=0.95*(220-I5)),0)+IF(ISNUMBER(AB5),--(AB5>=17),0)+IF(ISNUMBER(AC5),--(AC5=1),0)) | AK5: =IF(A5="","",TRIM(IF(COUNTIF($A$4:$A$33,A5)>1,"ID 중복 ","")&IF(LEN(A5)<>LEN(TRIM(A5)),"ID 앞뒤 공백 ","")&IF(AND(B5<>1,B5<>2),"집단코드 확인 ","")&IF(OR(D5="",AND(D5<>0,D5<>1)),"분석포함 코드 확인(빈칸=제외됨) ","")&IF(AND(ISNUMBER(D5),D5=0,E5=""),"제외 사유 없음 ","")&IF(AND(O5<>"",NOT(ISNUMBER(O5))),"사전VO2 숫자 아님 ","")&IF(AND(X5<>"",NOT(ISNUMBER(X5))),"사후VO2 숫자 아님 ","")&IF(AND(N5<>"",NOT(ISNUMBER(N5))),"사전체중 숫자 아님 ","")&IF(AND(W5<>"",NOT(ISNUMBER(W5))),"사후체중 숫자 아님 ","")&IF(ISNUMBER(O5),IF(OR(O5<25,O5>85),"사전VO2 범위(25–85) 확인 ",""),"")&IF(ISNUMBER(X5),IF(OR(X5<25,X5>85),"사후VO2 범위(25–85) 확인 ",""),"")&IF(AND(ISNUMBER(O5),ISNUMBER(X5)),IF(ABS(X5-O5)>12,"VO2 변화량 12 초과 확인 ",""),"")&IF(AND(ISNUMBER(P5),ISNUMBER(N5),ISNUMBER(O5)),IF(N5<=0,"사전 체중 확인 ",IF(ABS(P5/N5-O5)>0.5,"사전 절대값/체중≠상대값 ","")),"")&IF(AND(ISNUMBER(Y5),ISNUMBER(W5),ISNUMBER(X5)),IF(W5<=0,"사후 체중 확인 ",IF(ABS(Y5/W5-X5)>0.5,"사후 절대값/체중≠상대값 ","")),"")&IF(ISNUMBER(R5),IF(OR(R5<0.85,R5>1.5),"사전 RER 범위 확인 ",""),"")&IF(ISNUMBER(AA5),IF(OR(AA5<0.85,AA5>1.5),"사후 RER 범위 확인 ",""),"")&IF(ISNUMBER(Q5),IF(OR(Q5<150,Q5>225),"사전 최고심박 범위 확인 ",""),"")&IF(ISNUMBER(Z5),IF(OR(Z5<150,Z5>225),"사후 최고심박 범위 확인 ",""),"")&IF(AND(ISNUMBER(U5),ISNUMBER(AI5)),IF(AND(U5=1,AI5<2),"사전 판정충족=1이나 기준 2개 미만 ",""),"")&IF(AND(ISNUMBER(AD5),ISNUMBER(AJ5)),IF(AND(AD5=1,AJ5<2),"사후 판정충족=1이나 기준 2개 미만 ",""),"")&IF(AND(V5<>"",NOT(ISNUMBER(V5))),"사전 검사일 날짜형식 아님 ","")&IF(AND(AE5<>"",NOT(ISNUMBER(AE5))),"사후 검사일 날짜형식 아님 ","")&IF(AND(ISNUMBER(V5),ISNUMBER(AE5)),IF(AE5<=V5,"검사일 역전 ",IF(OR(AE5-V5<77,AE5-V5>126),"사전–사후 간격(11–18주) 확인 ","")),"")&IF(D5=1,IF(OR(NOT(ISNUMBER(O5)),NOT(ISNUMBER(X5))),"분석포함인데 VO2 결측 ",""),"")))
C6: =IF(B6="","",IF(B6=1,"실험군",IF(B6=2,"통제군","코드오류"))) | AF6: =IF(AND(ISNUMBER(O6),ISNUMBER(X6)),X6-O6,"") | AG6: =IF(AND(ISNUMBER(O6),ISNUMBER(X6)),IF(O6<>0,(X6-O6)/O6,""),"") | AH6: =IF(AND(ISNUMBER(N6),ISNUMBER(W6)),W6-N6,"") | AI6: =IF(COUNT(R6,Q6,S6,T6)=0,"",IF(ISNUMBER(R6),--(R6>=1.1),0)+IF(AND(ISNUMBER(Q6),ISNUMBER(I6)),--(Q6>=0.95*(220-I6)),0)+IF(ISNUMBER(S6),--(S6>=17),0)+IF(ISNUMBER(T6),--(T6=1),0)) | AJ6: =IF(COUNT(AA6,Z6,AB6,AC6)=0,"",IF(ISNUMBER(AA6),--(AA6>=1.1),0)+IF(AND(ISNUMBER(Z6),ISNUMBER(I6)),--(Z6>=0.95*(220-I6)),0)+IF(ISNUMBER(AB6),--(AB6>=17),0)+IF(ISNUMBER(AC6),--(AC6=1),0)) | AK6: =IF(A6="","",TRIM(IF(COUNTIF($A$4:$A$33,A6)>1,"ID 중복 ","")&IF(LEN(A6)<>LEN(TRIM(A6)),"ID 앞뒤 공백 ","")&IF(AND(B6<>1,B6<>2),"집단코드 확인 ","")&IF(OR(D6="",AND(D6<>0,D6<>1)),"분석포함 코드 확인(빈칸=제외됨) ","")&IF(AND(ISNUMBER(D6),D6=0,E6=""),"제외 사유 없음 ","")&IF(AND(O6<>"",NOT(ISNUMBER(O6))),"사전VO2 숫자 아님 ","")&IF(AND(X6<>"",NOT(ISNUMBER(X6))),"사후VO2 숫자 아님 ","")&IF(AND(N6<>"",NOT(ISNUMBER(N6))),"사전체중 숫자 아님 ","")&IF(AND(W6<>"",NOT(ISNUMBER(W6))),"사후체중 숫자 아님 ","")&IF(ISNUMBER(O6),IF(OR(O6<25,O6>85),"사전VO2 범위(25–85) 확인 ",""),"")&IF(ISNUMBER(X6),IF(OR(X6<25,X6>85),"사후VO2 범위(25–85) 확인 ",""),"")&IF(AND(ISNUMBER(O6),ISNUMBER(X6)),IF(ABS(X6-O6)>12,"VO2 변화량 12 초과 확인 ",""),"")&IF(AND(ISNUMBER(P6),ISNUMBER(N6),ISNUMBER(O6)),IF(N6<=0,"사전 체중 확인 ",IF(ABS(P6/N6-O6)>0.5,"사전 절대값/체중≠상대값 ","")),"")&IF(AND(ISNUMBER(Y6),ISNUMBER(W6),ISNUMBER(X6)),IF(W6<=0,"사후 체중 확인 ",IF(ABS(Y6/W6-X6)>0.5,"사후 절대값/체중≠상대값 ","")),"")&IF(ISNUMBER(R6),IF(OR(R6<0.85,R6>1.5),"사전 RER 범위 확인 ",""),"")&IF(ISNUMBER(AA6),IF(OR(AA6<0.85,AA6>1.5),"사후 RER 범위 확인 ",""),"")&IF(ISNUMBER(Q6),IF(OR(Q6<150,Q6>225),"사전 최고심박 범위 확인 ",""),"")&IF(ISNUMBER(Z6),IF(OR(Z6<150,Z6>225),"사후 최고심박 범위 확인 ",""),"")&IF(AND(ISNUMBER(U6),ISNUMBER(AI6)),IF(AND(U6=1,AI6<2),"사전 판정충족=1이나 기준 2개 미만 ",""),"")&IF(AND(ISNUMBER(AD6),ISNUMBER(AJ6)),IF(AND(AD6=1,AJ6<2),"사후 판정충족=1이나 기준 2개 미만 ",""),"")&IF(AND(V6<>"",NOT(ISNUMBER(V6))),"사전 검사일 날짜형식 아님 ","")&IF(AND(AE6<>"",NOT(ISNUMBER(AE6))),"사후 검사일 날짜형식 아님 ","")&IF(AND(ISNUMBER(V6),ISNUMBER(AE6)),IF(AE6<=V6,"검사일 역전 ",IF(OR(AE6-V6<77,AE6-V6>126),"사전–사후 간격(11–18주) 확인 ","")),"")&IF(D6=1,IF(OR(NOT(ISNUMBER(O6)),NOT(ISNUMBER(X6))),"분석포함인데 VO2 결측 ",""),"")))
C7: =IF(B7="","",IF(B7=1,"실험군",IF(B7=2,"통제군","코드오류"))) | AF7: =IF(AND(ISNUMBER(O7),ISNUMBER(X7)),X7-O7,"") | AG7: =IF(AND(ISNUMBER(O7),ISNUMBER(X7)),IF(O7<>0,(X7-O7)/O7,""),"") | AH7: =IF(AND(ISNUMBER(N7),ISNUMBER(W7)),W7-N7,"") | AI7: =IF(COUNT(R7,Q7,S7,T7)=0,"",IF(ISNUMBER(R7),--(R7>=1.1),0)+IF(AND(ISNUMBER(Q7),ISNUMBER(I7)),--(Q7>=0.95*(220-I7)),0)+IF(ISNUMBER(S7),--(S7>=17),0)+IF(ISNUMBER(T7),--(T7=1),0)) | AJ7: =IF(COUNT(AA7,Z7,AB7,AC7)=0,"",IF(ISNUMBER(AA7),--(AA7>=1.1),0)+IF(AND(ISNUMBER(Z7),ISNUMBER(I7)),--(Z7>=0.95*(220-I7)),0)+IF(ISNUMBER(AB7),--(AB7>=17),0)+IF(ISNUMBER(AC7),--(AC7=1),0)) | AK7: =IF(A7="","",TRIM(IF(COUNTIF($A$4:$A$33,A7)>1,"ID 중복 ","")&IF(LEN(A7)<>LEN(TRIM(A7)),"ID 앞뒤 공백 ","")&IF(AND(B7<>1,B7<>2),"집단코드 확인 ","")&IF(OR(D7="",AND(D7<>0,D7<>1)),"분석포함 코드 확인(빈칸=제외됨) ","")&IF(AND(ISNUMBER(D7),D7=0,E7=""),"제외 사유 없음 ","")&IF(AND(O7<>"",NOT(ISNUMBER(O7))),"사전VO2 숫자 아님 ","")&IF(AND(X7<>"",NOT(ISNUMBER(X7))),"사후VO2 숫자 아님 ","")&IF(AND(N7<>"",NOT(ISNUMBER(N7))),"사전체중 숫자 아님 ","")&IF(AND(W7<>"",NOT(ISNUMBER(W7))),"사후체중 숫자 아님 ","")&IF(ISNUMBER(O7),IF(OR(O7<25,O7>85),"사전VO2 범위(25–85) 확인 ",""),"")&IF(ISNUMBER(X7),IF(OR(X7<25,X7>85),"사후VO2 범위(25–85) 확인 ",""),"")&IF(AND(ISNUMBER(O7),ISNUMBER(X7)),IF(ABS(X7-O7)>12,"VO2 변화량 12 초과 확인 ",""),"")&IF(AND(ISNUMBER(P7),ISNUMBER(N7),ISNUMBER(O7)),IF(N7<=0,"사전 체중 확인 ",IF(ABS(P7/N7-O7)>0.5,"사전 절대값/체중≠상대값 ","")),"")&IF(AND(ISNUMBER(Y7),ISNUMBER(W7),ISNUMBER(X7)),IF(W7<=0,"사후 체중 확인 ",IF(ABS(Y7/W7-X7)>0.5,"사후 절대값/체중≠상대값 ","")),"")&IF(ISNUMBER(R7),IF(OR(R7<0.85,R7>1.5),"사전 RER 범위 확인 ",""),"")&IF(ISNUMBER(AA7),IF(OR(AA7<0.85,AA7>1.5),"사후 RER 범위 확인 ",""),"")&IF(ISNUMBER(Q7),IF(OR(Q7<150,Q7>225),"사전 최고심박 범위 확인 ",""),"")&IF(ISNUMBER(Z7),IF(OR(Z7<150,Z7>225),"사후 최고심박 범위 확인 ",""),"")&IF(AND(ISNUMBER(U7),ISNUMBER(AI7)),IF(AND(U7=1,AI7<2),"사전 판정충족=1이나 기준 2개 미만 ",""),"")&IF(AND(ISNUMBER(AD7),ISNUMBER(AJ7)),IF(AND(AD7=1,AJ7<2),"사후 판정충족=1이나 기준 2개 미만 ",""),"")&IF(AND(V7<>"",NOT(ISNUMBER(V7))),"사전 검사일 날짜형식 아님 ","")&IF(AND(AE7<>"",NOT(ISNUMBER(AE7))),"사후 검사일 날짜형식 아님 ","")&IF(AND(ISNUMBER(V7),ISNUMBER(AE7)),IF(AE7<=V7,"검사일 역전 ",IF(OR(AE7-V7<77,AE7-V7>126),"사전–사후 간격(11–18주) 확인 ","")),"")&IF(D7=1,IF(OR(NOT(ISNUMBER(O7)),NOT(ISNUMBER(X7))),"분석포함인데 VO2 결측 ",""),"")))
C8: =IF(B8="","",IF(B8=1,"실험군",IF(B8=2,"통제군","코드오류"))) | AF8: =IF(AND(ISNUMBER(O8),ISNUMBER(X8)),X8-O8,"") | AG8: =IF(AND(ISNUMBER(O8),ISNUMBER(X8)),IF(O8<>0,(X8-O8)/O8,""),"") | AH8: =IF(AND(ISNUMBER(N8),ISNUMBER(W8)),W8-N8,"") | AI8: =IF(COUNT(R8,Q8,S8,T8)=0,"",IF(ISNUMBER(R8),--(R8>=1.1),0)+IF(AND(ISNUMBER(Q8),ISNUMBER(I8)),--(Q8>=0.95*(220-I8)),0)+IF(ISNUMBER(S8),--(S8>=17),0)+IF(ISNUMBER(T8),--(T8=1),0)) | AJ8: =IF(COUNT(AA8,Z8,AB8,AC8)=0,"",IF(ISNUMBER(AA8),--(AA8>=1.1),0)+IF(AND(ISNUMBER(Z8),ISNUMBER(I8)),--(Z8>=0.95*(220-I8)),0)+IF(ISNUMBER(AB8),--(AB8>=17),0)+IF(ISNUMBER(AC8),--(AC8=1),0)) | AK8: =IF(A8="","",TRIM(IF(COUNTIF($A$4:$A$33,A8)>1,"ID 중복 ","")&IF(LEN(A8)<>LEN(TRIM(A8)),"ID 앞뒤 공백 ","")&IF(AND(B8<>1,B8<>2),"집단코드 확인 ","")&IF(OR(D8="",AND(D8<>0,D8<>1)),"분석포함 코드 확인(빈칸=제외됨) ","")&IF(AND(ISNUMBER(D8),D8=0,E8=""),"제외 사유 없음 ","")&IF(AND(O8<>"",NOT(ISNUMBER(O8))),"사전VO2 숫자 아님 ","")&IF(AND(X8<>"",NOT(ISNUMBER(X8))),"사후VO2 숫자 아님 ","")&IF(AND(N8<>"",NOT(ISNUMBER(N8))),"사전체중 숫자 아님 ","")&IF(AND(W8<>"",NOT(ISNUMBER(W8))),"사후체중 숫자 아님 ","")&IF(ISNUMBER(O8),IF(OR(O8<25,O8>85),"사전VO2 범위(25–85) 확인 ",""),"")&IF(ISNUMBER(X8),IF(OR(X8<25,X8>85),"사후VO2 범위(25–85) 확인 ",""),"")&IF(AND(ISNUMBER(O8),ISNUMBER(X8)),IF(ABS(X8-O8)>12,"VO2 변화량 12 초과 확인 ",""),"")&IF(AND(ISNUMBER(P8),ISNUMBER(N8),ISNUMBER(O8)),IF(N8<=0,"사전 체중 확인 ",IF(ABS(P8/N8-O8)>0.5,"사전 절대값/체중≠상대값 ","")),"")&IF(AND(ISNUMBER(Y8),ISNUMBER(W8),ISNUMBER(X8)),IF(W8<=0,"사후 체중 확인 ",IF(ABS(Y8/W8-X8)>0.5,"사후 절대값/체중≠상대값 ","")),"")&IF(ISNUMBER(R8),IF(OR(R8<0.85,R8>1.5),"사전 RER 범위 확인 ",""),"")&IF(ISNUMBER(AA8),IF(OR(AA8<0.85,AA8>1.5),"사후 RER 범위 확인 ",""),"")&IF(ISNUMBER(Q8),IF(OR(Q8<150,Q8>225),"사전 최고심박 범위 확인 ",""),"")&IF(ISNUMBER(Z8),IF(OR(Z8<150,Z8>225),"사후 최고심박 범위 확인 ",""),"")&IF(AND(ISNUMBER(U8),ISNUMBER(AI8)),IF(AND(U8=1,AI8<2),"사전 판정충족=1이나 기준 2개 미만 ",""),"")&IF(AND(ISNUMBER(AD8),ISNUMBER(AJ8)),IF(AND(AD8=1,AJ8<2),"사후 판정충족=1이나 기준 2개 미만 ",""),"")&IF(AND(V8<>"",NOT(ISNUMBER(V8))),"사전 검사일 날짜형식 아님 ","")&IF(AND(AE8<>"",NOT(ISNUMBER(AE8))),"사후 검사일 날짜형식 아님 ","")&IF(AND(ISNUMBER(V8),ISNUMBER(AE8)),IF(AE8<=V8,"검사일 역전 ",IF(OR(AE8-V8<77,AE8-V8>126),"사전–사후 간격(11–18주) 확인 ","")),"")&IF(D8=1,IF(OR(NOT(ISNUMBER(O8)),NOT(ISNUMBER(X8))),"분석포함인데 VO2 결측 ",""),"")))
C9: =IF(B9="","",IF(B9=1,"실험군",IF(B9=2,"통제군","코드오류"))) | AF9: =IF(AND(ISNUMBER(O9),ISNUMBER(X9)),X9-O9,"") | AG9: =IF(AND(ISNUMBER(O9),ISNUMBER(X9)),IF(O9<>0,(X9-O9)/O9,""),"") | AH9: =IF(AND(ISNUMBER(N9),ISNUMBER(W9)),W9-N9,"") | AI9: =IF(COUNT(R9,Q9,S9,T9)=0,"",IF(ISNUMBER(R9),--(R9>=1.1),0)+IF(AND(ISNUMBER(Q9),ISNUMBER(I9)),--(Q9>=0.95*(220-I9)),0)+IF(ISNUMBER(S9),--(S9>=17),0)+IF(ISNUMBER(T9),--(T9=1),0)) | AJ9: =IF(COUNT(AA9,Z9,AB9,AC9)=0,"",IF(ISNUMBER(AA9),--(AA9>=1.1),0)+IF(AND(ISNUMBER(Z9),ISNUMBER(I9)),--(Z9>=0.95*(220-I9)),0)+IF(ISNUMBER(AB9),--(AB9>=17),0)+IF(ISNUMBER(AC9),--(AC9=1),0)) | AK9: =IF(A9="","",TRIM(IF(COUNTIF($A$4:$A$33,A9)>1,"ID 중복 ","")&IF(LEN(A9)<>LEN(TRIM(A9)),"ID 앞뒤 공백 ","")&IF(AND(B9<>1,B9<>2),"집단코드 확인 ","")&IF(OR(D9="",AND(D9<>0,D9<>1)),"분석포함 코드 확인(빈칸=제외됨) ","")&IF(AND(ISNUMBER(D9),D9=0,E9=""),"제외 사유 없음 ","")&IF(AND(O9<>"",NOT(ISNUMBER(O9))),"사전VO2 숫자 아님 ","")&IF(AND(X9<>"",NOT(ISNUMBER(X9))),"사후VO2 숫자 아님 ","")&IF(AND(N9<>"",NOT(ISNUMBER(N9))),"사전체중 숫자 아님 ","")&IF(AND(W9<>"",NOT(ISNUMBER(W9))),"사후체중 숫자 아님 ","")&IF(ISNUMBER(O9),IF(OR(O9<25,O9>85),"사전VO2 범위(25–85) 확인 ",""),"")&IF(ISNUMBER(X9),IF(OR(X9<25,X9>85),"사후VO2 범위(25–85) 확인 ",""),"")&IF(AND(ISNUMBER(O9),ISNUMBER(X9)),IF(ABS(X9-O9)>12,"VO2 변화량 12 초과 확인 ",""),"")&IF(AND(ISNUMBER(P9),ISNUMBER(N9),ISNUMBER(O9)),IF(N9<=0,"사전 체중 확인 ",IF(ABS(P9/N9-O9)>0.5,"사전 절대값/체중≠상대값 ","")),"")&IF(AND(ISNUMBER(Y9),ISNUMBER(W9),ISNUMBER(X9)),IF(W9<=0,"사후 체중 확인 ",IF(ABS(Y9/W9-X9)>0.5,"사후 절대값/체중≠상대값 ","")),"")&IF(ISNUMBER(R9),IF(OR(R9<0.85,R9>1.5),"사전 RER 범위 확인 ",""),"")&IF(ISNUMBER(AA9),IF(OR(AA9<0.85,AA9>1.5),"사후 RER 범위 확인 ",""),"")&IF(ISNUMBER(Q9),IF(OR(Q9<150,Q9>225),"사전 최고심박 범위 확인 ",""),"")&IF(ISNUMBER(Z9),IF(OR(Z9<150,Z9>225),"사후 최고심박 범위 확인 ",""),"")&IF(AND(ISNUMBER(U9),ISNUMBER(AI9)),IF(AND(U9=1,AI9<2),"사전 판정충족=1이나 기준 2개 미만 ",""),"")&IF(AND(ISNUMBER(AD9),ISNUMBER(AJ9)),IF(AND(AD9=1,AJ9<2),"사후 판정충족=1이나 기준 2개 미만 ",""),"")&IF(AND(V9<>"",NOT(ISNUMBER(V9))),"사전 검사일 날짜형식 아님 ","")&IF(AND(AE9<>"",NOT(ISNUMBER(AE9))),"사후 검사일 날짜형식 아님 ","")&IF(AND(ISNUMBER(V9),ISNUMBER(AE9)),IF(AE9<=V9,"검사일 역전 ",IF(OR(AE9-V9<77,AE9-V9>126),"사전–사후 간격(11–18주) 확인 ","")),"")&IF(D9=1,IF(OR(NOT(ISNUMBER(O9)),NOT(ISNUMBER(X9))),"분석포함인데 VO2 결측 ",""),"")))
C10: =IF(B10="","",IF(B10=1,"실험군",IF(B10=2,"통제군","코드오류"))) | AF10: =IF(AND(ISNUMBER(O10),ISNUMBER(X10)),X10-O10,"") | AG10: =IF(AND(ISNUMBER(O10),ISNUMBER(X10)),IF(O10<>0,(X10-O10)/O10,""),"") | AH10: =IF(AND(ISNUMBER(N10),ISNUMBER(W10)),W10-N10,"") | AI10: =IF(COUNT(R10,Q10,S10,T10)=0,"",IF(ISNUMBER(R10),--(R10>=1.1),0)+IF(AND(ISNUMBER(Q10),ISNUMBER(I10)),--(Q10>=0.95*(220-I10)),0)+IF(ISNUMBER(S10),--(S10>=17),0)+IF(ISNUMBER(T10),--(T10=1),0)) | AJ10: =IF(COUNT(AA10,Z10,AB10,AC10)=0,"",IF(ISNUMBER(AA10),--(AA10>=1.1),0)+IF(AND(ISNUMBER(Z10),ISNUMBER(I10)),--(Z10>=0.95*(220-I10)),0)+IF(ISNUMBER(AB10),--(AB10>=17),0)+IF(ISNUMBER(AC10),--(AC10=1),0)) | AK10: =IF(A10="","",TRIM(IF(COUNTIF($A$4:$A$33,A10)>1,"ID 중복 ","")&IF(LEN(A10)<>LEN(TRIM(A10)),"ID 앞뒤 공백 ","")&IF(AND(B10<>1,B10<>2),"집단코드 확인 ","")&IF(OR(D10="",AND(D10<>0,D10<>1)),"분석포함 코드 확인(빈칸=제외됨) ","")&IF(AND(ISNUMBER(D10),D10=0,E10=""),"제외 사유 없음 ","")&IF(AND(O10<>"",NOT(ISNUMBER(O10))),"사전VO2 숫자 아님 ","")&IF(AND(X10<>"",NOT(ISNUMBER(X10))),"사후VO2 숫자 아님 ","")&IF(AND(N10<>"",NOT(ISNUMBER(N10))),"사전체중 숫자 아님 ","")&IF(AND(W10<>"",NOT(ISNUMBER(W10))),"사후체중 숫자 아님 ","")&IF(ISNUMBER(O10),IF(OR(O10<25,O10>85),"사전VO2 범위(25–85) 확인 ",""),"")&IF(ISNUMBER(X10),IF(OR(X10<25,X10>85),"사후VO2 범위(25–85) 확인 ",""),"")&IF(AND(ISNUMBER(O10),ISNUMBER(X10)),IF(ABS(X10-O10)>12,"VO2 변화량 12 초과 확인 ",""),"")&IF(AND(ISNUMBER(P10),ISNUMBER(N10),ISNUMBER(O10)),IF(N10<=0,"사전 체중 확인 ",IF(ABS(P10/N10-O10)>0.5,"사전 절대값/체중≠상대값 ","")),"")&IF(AND(ISNUMBER(Y10),ISNUMBER(W10),ISNUMBER(X10)),IF(W10<=0,"사후 체중 확인 ",IF(ABS(Y10/W10-X10)>0.5,"사후 절대값/체중≠상대값 ","")),"")&IF(ISNUMBER(R10),IF(OR(R10<0.85,R10>1.5),"사전 RER 범위 확인 ",""),"")&IF(ISNUMBER(AA10),IF(OR(AA10<0.85,AA10>1.5),"사후 RER 범위 확인 ",""),"")&IF(ISNUMBER(Q10),IF(OR(Q10<150,Q10>225),"사전 최고심박 범위 확인 ",""),"")&IF(ISNUMBER(Z10),IF(OR(Z10<150,Z10>225),"사후 최고심박 범위 확인 ",""),"")&IF(AND(ISNUMBER(U10),ISNUMBER(AI10)),IF(AND(U10=1,AI10<2),"사전 판정충족=1이나 기준 2개 미만 ",""),"")&IF(AND(ISNUMBER(AD10),ISNUMBER(AJ10)),IF(AND(AD10=1,AJ10<2),"사후 판정충족=1이나 기준 2개 미만 ",""),"")&IF(AND(V10<>"",NOT(ISNUMBER(V10))),"사전 검사일 날짜형식 아님 ","")&IF(AND(AE10<>"",NOT(ISNUMBER(AE10))),"사후 검사일 날짜형식 아님 ","")&IF(AND(ISNUMBER(V10),ISNUMBER(AE10)),IF(AE10<=V10,"검사일 역전 ",IF(OR(AE10-V10<77,AE10-V10>126),"사전–사후 간격(11–18주) 확인 ","")),"")&IF(D10=1,IF(OR(NOT(ISNUMBER(O10)),NOT(ISNUMBER(X10))),"분석포함인데 VO2 결측 ",""),"")))
C11: =IF(B11="","",IF(B11=1,"실험군",IF(B11=2,"통제군","코드오류"))) | AF11: =IF(AND(ISNUMBER(O11),ISNUMBER(X11)),X11-O11,"") | AG11: =IF(AND(ISNUMBER(O11),ISNUMBER(X11)),IF(O11<>0,(X11-O11)/O11,""),"") | AH11: =IF(AND(ISNUMBER(N11),ISNUMBER(W11)),W11-N11,"") | AI11: =IF(COUNT(R11,Q11,S11,T11)=0,"",IF(ISNUMBER(R11),--(R11>=1.1),0)+IF(AND(ISNUMBER(Q11),ISNUMBER(I11)),--(Q11>=0.95*(220-I11)),0)+IF(ISNUMBER(S11),--(S11>=17),0)+IF(ISNUMBER(T11),--(T11=1),0)) | AJ11: =IF(COUNT(AA11,Z11,AB11,AC11)=0,"",IF(ISNUMBER(AA11),--(AA11>=1.1),0)+IF(AND(ISNUMBER(Z11),ISNUMBER(I11)),--(Z11>=0.95*(220-I11)),0)+IF(ISNUMBER(AB11),--(AB11>=17),0)+IF(ISNUMBER(AC11),--(AC11=1),0)) | AK11: =IF(A11="","",TRIM(IF(COUNTIF($A$4:$A$33,A11)>1,"ID 중복 ","")&IF(LEN(A11)<>LEN(TRIM(A11)),"ID 앞뒤 공백 ","")&IF(AND(B11<>1,B11<>2),"집단코드 확인 ","")&IF(OR(D11="",AND(D11<>0,D11<>1)),"분석포함 코드 확인(빈칸=제외됨) ","")&IF(AND(ISNUMBER(D11),D11=0,E11=""),"제외 사유 없음 ","")&IF(AND(O11<>"",NOT(ISNUMBER(O11))),"사전VO2 숫자 아님 ","")&IF(AND(X11<>"",NOT(ISNUMBER(X11))),"사후VO2 숫자 아님 ","")&IF(AND(N11<>"",NOT(ISNUMBER(N11))),"사전체중 숫자 아님 ","")&IF(AND(W11<>"",NOT(ISNUMBER(W11))),"사후체중 숫자 아님 ","")&IF(ISNUMBER(O11),IF(OR(O11<25,O11>85),"사전VO2 범위(25–85) 확인 ",""),"")&IF(ISNUMBER(X11),IF(OR(X11<25,X11>85),"사후VO2 범위(25–85) 확인 ",""),"")&IF(AND(ISNUMBER(O11),ISNUMBER(X11)),IF(ABS(X11-O11)>12,"VO2 변화량 12 초과 확인 ",""),"")&IF(AND(ISNUMBER(P11),ISNUMBER(N11),ISNUMBER(O11)),IF(N11<=0,"사전 체중 확인 ",IF(ABS(P11/N11-O11)>0.5,"사전 절대값/체중≠상대값 ","")),"")&IF(AND(ISNUMBER(Y11),ISNUMBER(W11),ISNUMBER(X11)),IF(W11<=0,"사후 체중 확인 ",IF(ABS(Y11/W11-X11)>0.5,"사후 절대값/체중≠상대값 ","")),"")&IF(ISNUMBER(R11),IF(OR(R11<0.85,R11>1.5),"사전 RER 범위 확인 ",""),"")&IF(ISNUMBER(AA11),IF(OR(AA11<0.85,AA11>1.5),"사후 RER 범위 확인 ",""),"")&IF(ISNUMBER(Q11),IF(OR(Q11<150,Q11>225),"사전 최고심박 범위 확인 ",""),"")&IF(ISNUMBER(Z11),IF(OR(Z11<150,Z11>225),"사후 최고심박 범위 확인 ",""),"")&IF(AND(ISNUMBER(U11),ISNUMBER(AI11)),IF(AND(U11=1,AI11<2),"사전 판정충족=1이나 기준 2개 미만 ",""),"")&IF(AND(ISNUMBER(AD11),ISNUMBER(AJ11)),IF(AND(AD11=1,AJ11<2),"사후 판정충족=1이나 기준 2개 미만 ",""),"")&IF(AND(V11<>"",NOT(ISNUMBER(V11))),"사전 검사일 날짜형식 아님 ","")&IF(AND(AE11<>"",NOT(ISNUMBER(AE11))),"사후 검사일 날짜형식 아님 ","")&IF(AND(ISNUMBER(V11),ISNUMBER(AE11)),IF(AE11<=V11,"검사일 역전 ",IF(OR(AE11-V11<77,AE11-V11>126),"사전–사후 간격(11–18주) 확인 ","")),"")&IF(D11=1,IF(OR(NOT(ISNUMBER(O11)),NOT(ISNUMBER(X11))),"분석포함인데 VO2 결측 ",""),"")))
C12: =IF(B12="","",IF(B12=1,"실험군",IF(B12=2,"통제군","코드오류"))) | AF12: =IF(AND(ISNUMBER(O12),ISNUMBER(X12)),X12-O12,"") | AG12: =IF(AND(ISNUMBER(O12),ISNUMBER(X12)),IF(O12<>0,(X12-O12)/O12,""),"") | AH12: =IF(AND(ISNUMBER(N12),ISNUMBER(W12)),W12-N12,"") | AI12: =IF(COUNT(R12,Q12,S12,T12)=0,"",IF(ISNUMBER(R12),--(R12>=1.1),0)+IF(AND(ISNUMBER(Q12),ISNUMBER(I12)),--(Q12>=0.95*(220-I12)),0)+IF(ISNUMBER(S12),--(S12>=17),0)+IF(ISNUMBER(T12),--(T12=1),0)) | AJ12: =IF(COUNT(AA12,Z12,AB12,AC12)=0,"",IF(ISNUMBER(AA12),--(AA12>=1.1),0)+IF(AND(ISNUMBER(Z12),ISNUMBER(I12)),--(Z12>=0.95*(220-I12)),0)+IF(ISNUMBER(AB12),--(AB12>=17),0)+IF(ISNUMBER(AC12),--(AC12=1),0)) | AK12: =IF(A12="","",TRIM(IF(COUNTIF($A$4:$A$33,A12)>1,"ID 중복 ","")&IF(LEN(A12)<>LEN(TRIM(A12)),"ID 앞뒤 공백 ","")&IF(AND(B12<>1,B12<>2),"집단코드 확인 ","")&IF(OR(D12="",AND(D12<>0,D12<>1)),"분석포함 코드 확인(빈칸=제외됨) ","")&IF(AND(ISNUMBER(D12),D12=0,E12=""),"제외 사유 없음 ","")&IF(AND(O12<>"",NOT(ISNUMBER(O12))),"사전VO2 숫자 아님 ","")&IF(AND(X12<>"",NOT(ISNUMBER(X12))),"사후VO2 숫자 아님 ","")&IF(AND(N12<>"",NOT(ISNUMBER(N12))),"사전체중 숫자 아님 ","")&IF(AND(W12<>"",NOT(ISNUMBER(W12))),"사후체중 숫자 아님 ","")&IF(ISNUMBER(O12),IF(OR(O12<25,O12>85),"사전VO2 범위(25–85) 확인 ",""),"")&IF(ISNUMBER(X12),IF(OR(X12<25,X12>85),"사후VO2 범위(25–85) 확인 ",""),"")&IF(AND(ISNUMBER(O12),ISNUMBER(X12)),IF(ABS(X12-O12)>12,"VO2 변화량 12 초과 확인 ",""),"")&IF(AND(ISNUMBER(P12),ISNUMBER(N12),ISNUMBER(O12)),IF(N12<=0,"사전 체중 확인 ",IF(ABS(P12/N12-O12)>0.5,"사전 절대값/체중≠상대값 ","")),"")&IF(AND(ISNUMBER(Y12),ISNUMBER(W12),ISNUMBER(X12)),IF(W12<=0,"사후 체중 확인 ",IF(ABS(Y12/W12-X12)>0.5,"사후 절대값/체중≠상대값 ","")),"")&IF(ISNUMBER(R12),IF(OR(R12<0.85,R12>1.5),"사전 RER 범위 확인 ",""),"")&IF(ISNUMBER(AA12),IF(OR(AA12<0.85,AA12>1.5),"사후 RER 범위 확인 ",""),"")&IF(ISNUMBER(Q12),IF(OR(Q12<150,Q12>225),"사전 최고심박 범위 확인 ",""),"")&IF(ISNUMBER(Z12),IF(OR(Z12<150,Z12>225),"사후 최고심박 범위 확인 ",""),"")&IF(AND(ISNUMBER(U12),ISNUMBER(AI12)),IF(AND(U12=1,AI12<2),"사전 판정충족=1이나 기준 2개 미만 ",""),"")&IF(AND(ISNUMBER(AD12),ISNUMBER(AJ12)),IF(AND(AD12=1,AJ12<2),"사후 판정충족=1이나 기준 2개 미만 ",""),"")&IF(AND(V12<>"",NOT(ISNUMBER(V12))),"사전 검사일 날짜형식 아님 ","")&IF(AND(AE12<>"",NOT(ISNUMBER(AE12))),"사후 검사일 날짜형식 아님 ","")&IF(AND(ISNUMBER(V12),ISNUMBER(AE12)),IF(AE12<=V12,"검사일 역전 ",IF(OR(AE12-V12<77,AE12-V12>126),"사전–사후 간격(11–18주) 확인 ","")),"")&IF(D12=1,IF(OR(NOT(ISNUMBER(O12)),NOT(ISNUMBER(X12))),"분석포함인데 VO2 결측 ",""),"")))
C13: =IF(B13="","",IF(B13=1,"실험군",IF(B13=2,"통제군","코드오류"))) | AF13: =IF(AND(ISNUMBER(O13),ISNUMBER(X13)),X13-O13,"") | AG13: =IF(AND(ISNUMBER(O13),ISNUMBER(X13)),IF(O13<>0,(X13-O13)/O13,""),"") | AH13: =IF(AND(ISNUMBER(N13),ISNUMBER(W13)),W13-N13,"") | AI13: =IF(COUNT(R13,Q13,S13,T13)=0,"",IF(ISNUMBER(R13),--(R13>=1.1),0)+IF(AND(ISNUMBER(Q13),ISNUMBER(I13)),--(Q13>=0.95*(220-I13)),0)+IF(ISNUMBER(S13),--(S13>=17),0)+IF(ISNUMBER(T13),--(T13=1),0)) | AJ13: =IF(COUNT(AA13,Z13,AB13,AC13)=0,"",IF(ISNUMBER(AA13),--(AA13>=1.1),0)+IF(AND(ISNUMBER(Z13),ISNUMBER(I13)),--(Z13>=0.95*(220-I13)),0)+IF(ISNUMBER(AB13),--(AB13>=17),0)+IF(ISNUMBER(AC13),--(AC13=1),0)) | AK13: =IF(A13="","",TRIM(IF(COUNTIF($A$4:$A$33,A13)>1,"ID 중복 ","")&IF(LEN(A13)<>LEN(TRIM(A13)),"ID 앞뒤 공백 ","")&IF(AND(B13<>1,B13<>2),"집단코드 확인 ","")&IF(OR(D13="",AND(D13<>0,D13<>1)),"분석포함 코드 확인(빈칸=제외됨) ","")&IF(AND(ISNUMBER(D13),D13=0,E13=""),"제외 사유 없음 ","")&IF(AND(O13<>"",NOT(ISNUMBER(O13))),"사전VO2 숫자 아님 ","")&IF(AND(X13<>"",NOT(ISNUMBER(X13))),"사후VO2 숫자 아님 ","")&IF(AND(N13<>"",NOT(ISNUMBER(N13))),"사전체중 숫자 아님 ","")&IF(AND(W13<>"",NOT(ISNUMBER(W13))),"사후체중 숫자 아님 ","")&IF(ISNUMBER(O13),IF(OR(O13<25,O13>85),"사전VO2 범위(25–85) 확인 ",""),"")&IF(ISNUMBER(X13),IF(OR(X13<25,X13>85),"사후VO2 범위(25–85) 확인 ",""),"")&IF(AND(ISNUMBER(O13),ISNUMBER(X13)),IF(ABS(X13-O13)>12,"VO2 변화량 12 초과 확인 ",""),"")&IF(AND(ISNUMBER(P13),ISNUMBER(N13),ISNUMBER(O13)),IF(N13<=0,"사전 체중 확인 ",IF(ABS(P13/N13-O13)>0.5,"사전 절대값/체중≠상대값 ","")),"")&IF(AND(ISNUMBER(Y13),ISNUMBER(W13),ISNUMBER(X13)),IF(W13<=0,"사후 체중 확인 ",IF(ABS(Y13/W13-X13)>0.5,"사후 절대값/체중≠상대값 ","")),"")&IF(ISNUMBER(R13),IF(OR(R13<0.85,R13>1.5),"사전 RER 범위 확인 ",""),"")&IF(ISNUMBER(AA13),IF(OR(AA13<0.85,AA13>1.5),"사후 RER 범위 확인 ",""),"")&IF(ISNUMBER(Q13),IF(OR(Q13<150,Q13>225),"사전 최고심박 범위 확인 ",""),"")&IF(ISNUMBER(Z13),IF(OR(Z13<150,Z13>225),"사후 최고심박 범위 확인 ",""),"")&IF(AND(ISNUMBER(U13),ISNUMBER(AI13)),IF(AND(U13=1,AI13<2),"사전 판정충족=1이나 기준 2개 미만 ",""),"")&IF(AND(ISNUMBER(AD13),ISNUMBER(AJ13)),IF(AND(AD13=1,AJ13<2),"사후 판정충족=1이나 기준 2개 미만 ",""),"")&IF(AND(V13<>"",NOT(ISNUMBER(V13))),"사전 검사일 날짜형식 아님 ","")&IF(AND(AE13<>"",NOT(ISNUMBER(AE13))),"사후 검사일 날짜형식 아님 ","")&IF(AND(ISNUMBER(V13),ISNUMBER(AE13)),IF(AE13<=V13,"검사일 역전 ",IF(OR(AE13-V13<77,AE13-V13>126),"사전–사후 간격(11–18주) 확인 ","")),"")&IF(D13=1,IF(OR(NOT(ISNUMBER(O13)),NOT(ISNUMBER(X13))),"분석포함인데 VO2 결측 ",""),"")))
C14: =IF(B14="","",IF(B14=1,"실험군",IF(B14=2,"통제군","코드오류"))) | AF14: =IF(AND(ISNUMBER(O14),ISNUMBER(X14)),X14-O14,"") | AG14: =IF(AND(ISNUMBER(O14),ISNUMBER(X14)),IF(O14<>0,(X14-O14)/O14,""),"") | AH14: =IF(AND(ISNUMBER(N14),ISNUMBER(W14)),W14-N14,"") | AI14: =IF(COUNT(R14,Q14,S14,T14)=0,"",IF(ISNUMBER(R14),--(R14>=1.1),0)+IF(AND(ISNUMBER(Q14),ISNUMBER(I14)),--(Q14>=0.95*(220-I14)),0)+IF(ISNUMBER(S14),--(S14>=17),0)+IF(ISNUMBER(T14),--(T14=1),0)) | AJ14: =IF(COUNT(AA14,Z14,AB14,AC14)=0,"",IF(ISNUMBER(AA14),--(AA14>=1.1),0)+IF(AND(ISNUMBER(Z14),ISNUMBER(I14)),--(Z14>=0.95*(220-I14)),0)+IF(ISNUMBER(AB14),--(AB14>=17),0)+IF(ISNUMBER(AC14),--(AC14=1),0)) | AK14: =IF(A14="","",TRIM(IF(COUNTIF($A$4:$A$33,A14)>1,"ID 중복 ","")&IF(LEN(A14)<>LEN(TRIM(A14)),"ID 앞뒤 공백 ","")&IF(AND(B14<>1,B14<>2),"집단코드 확인 ","")&IF(OR(D14="",AND(D14<>0,D14<>1)),"분석포함 코드 확인(빈칸=제외됨) ","")&IF(AND(ISNUMBER(D14),D14=0,E14=""),"제외 사유 없음 ","")&IF(AND(O14<>"",NOT(ISNUMBER(O14))),"사전VO2 숫자 아님 ","")&IF(AND(X14<>"",NOT(ISNUMBER(X14))),"사후VO2 숫자 아님 ","")&IF(AND(N14<>"",NOT(ISNUMBER(N14))),"사전체중 숫자 아님 ","")&IF(AND(W14<>"",NOT(ISNUMBER(W14))),"사후체중 숫자 아님 ","")&IF(ISNUMBER(O14),IF(OR(O14<25,O14>85),"사전VO2 범위(25–85) 확인 ",""),"")&IF(ISNUMBER(X14),IF(OR(X14<25,X14>85),"사후VO2 범위(25–85) 확인 ",""),"")&IF(AND(ISNUMBER(O14),ISNUMBER(X14)),IF(ABS(X14-O14)>12,"VO2 변화량 12 초과 확인 ",""),"")&IF(AND(ISNUMBER(P14),ISNUMBER(N14),ISNUMBER(O14)),IF(N14<=0,"사전 체중 확인 ",IF(ABS(P14/N14-O14)>0.5,"사전 절대값/체중≠상대값 ","")),"")&IF(AND(ISNUMBER(Y14),ISNUMBER(W14),ISNUMBER(X14)),IF(W14<=0,"사후 체중 확인 ",IF(ABS(Y14/W14-X14)>0.5,"사후 절대값/체중≠상대값 ","")),"")&IF(ISNUMBER(R14),IF(OR(R14<0.85,R14>1.5),"사전 RER 범위 확인 ",""),"")&IF(ISNUMBER(AA14),IF(OR(AA14<0.85,AA14>1.5),"사후 RER 범위 확인 ",""),"")&IF(ISNUMBER(Q14),IF(OR(Q14<150,Q14>225),"사전 최고심박 범위 확인 ",""),"")&IF(ISNUMBER(Z14),IF(OR(Z14<150,Z14>225),"사후 최고심박 범위 확인 ",""),"")&IF(AND(ISNUMBER(U14),ISNUMBER(AI14)),IF(AND(U14=1,AI14<2),"사전 판정충족=1이나 기준 2개 미만 ",""),"")&IF(AND(ISNUMBER(AD14),ISNUMBER(AJ14)),IF(AND(AD14=1,AJ14<2),"사후 판정충족=1이나 기준 2개 미만 ",""),"")&IF(AND(V14<>"",NOT(ISNUMBER(V14))),"사전 검사일 날짜형식 아님 ","")&IF(AND(AE14<>"",NOT(ISNUMBER(AE14))),"사후 검사일 날짜형식 아님 ","")&IF(AND(ISNUMBER(V14),ISNUMBER(AE14)),IF(AE14<=V14,"검사일 역전 ",IF(OR(AE14-V14<77,AE14-V14>126),"사전–사후 간격(11–18주) 확인 ","")),"")&IF(D14=1,IF(OR(NOT(ISNUMBER(O14)),NOT(ISNUMBER(X14))),"분석포함인데 VO2 결측 ",""),"")))
C15: =IF(B15="","",IF(B15=1,"실험군",IF(B15=2,"통제군","코드오류"))) | AF15: =IF(AND(ISNUMBER(O15),ISNUMBER(X15)),X15-O15,"") | AG15: =IF(AND(ISNUMBER(O15),ISNUMBER(X15)),IF(O15<>0,(X15-O15)/O15,""),"") | AH15: =IF(AND(ISNUMBER(N15),ISNUMBER(W15)),W15-N15,"") | AI15: =IF(COUNT(R15,Q15,S15,T15)=0,"",IF(ISNUMBER(R15),--(R15>=1.1),0)+IF(AND(ISNUMBER(Q15),ISNUMBER(I15)),--(Q15>=0.95*(220-I15)),0)+IF(ISNUMBER(S15),--(S15>=17),0)+IF(ISNUMBER(T15),--(T15=1),0)) | AJ15: =IF(COUNT(AA15,Z15,AB15,AC15)=0,"",IF(ISNUMBER(AA15),--(AA15>=1.1),0)+IF(AND(ISNUMBER(Z15),ISNUMBER(I15)),--(Z15>=0.95*(220-I15)),0)+IF(ISNUMBER(AB15),--(AB15>=17),0)+IF(ISNUMBER(AC15),--(AC15=1),0)) | AK15: =IF(A15="","",TRIM(IF(COUNTIF($A$4:$A$33,A15)>1,"ID 중복 ","")&IF(LEN(A15)<>LEN(TRIM(A15)),"ID 앞뒤 공백 ","")&IF(AND(B15<>1,B15<>2),"집단코드 확인 ","")&IF(OR(D15="",AND(D15<>0,D15<>1)),"분석포함 코드 확인(빈칸=제외됨) ","")&IF(AND(ISNUMBER(D15),D15=0,E15=""),"제외 사유 없음 ","")&IF(AND(O15<>"",NOT(ISNUMBER(O15))),"사전VO2 숫자 아님 ","")&IF(AND(X15<>"",NOT(ISNUMBER(X15))),"사후VO2 숫자 아님 ","")&IF(AND(N15<>"",NOT(ISNUMBER(N15))),"사전체중 숫자 아님 ","")&IF(AND(W15<>"",NOT(ISNUMBER(W15))),"사후체중 숫자 아님 ","")&IF(ISNUMBER(O15),IF(OR(O15<25,O15>85),"사전VO2 범위(25–85) 확인 ",""),"")&IF(ISNUMBER(X15),IF(OR(X15<25,X15>85),"사후VO2 범위(25–85) 확인 ",""),"")&IF(AND(ISNUMBER(O15),ISNUMBER(X15)),IF(ABS(X15-O15)>12,"VO2 변화량 12 초과 확인 ",""),"")&IF(AND(ISNUMBER(P15),ISNUMBER(N15),ISNUMBER(O15)),IF(N15<=0,"사전 체중 확인 ",IF(ABS(P15/N15-O15)>0.5,"사전 절대값/체중≠상대값 ","")),"")&IF(AND(ISNUMBER(Y15),ISNUMBER(W15),ISNUMBER(X15)),IF(W15<=0,"사후 체중 확인 ",IF(ABS(Y15/W15-X15)>0.5,"사후 절대값/체중≠상대값 ","")),"")&IF(ISNUMBER(R15),IF(OR(R15<0.85,R15>1.5),"사전 RER 범위 확인 ",""),"")&IF(ISNUMBER(AA15),IF(OR(AA15<0.85,AA15>1.5),"사후 RER 범위 확인 ",""),"")&IF(ISNUMBER(Q15),IF(OR(Q15<150,Q15>225),"사전 최고심박 범위 확인 ",""),"")&IF(ISNUMBER(Z15),IF(OR(Z15<150,Z15>225),"사후 최고심박 범위 확인 ",""),"")&IF(AND(ISNUMBER(U15),ISNUMBER(AI15)),IF(AND(U15=1,AI15<2),"사전 판정충족=1이나 기준 2개 미만 ",""),"")&IF(AND(ISNUMBER(AD15),ISNUMBER(AJ15)),IF(AND(AD15=1,AJ15<2),"사후 판정충족=1이나 기준 2개 미만 ",""),"")&IF(AND(V15<>"",NOT(ISNUMBER(V15))),"사전 검사일 날짜형식 아님 ","")&IF(AND(AE15<>"",NOT(ISNUMBER(AE15))),"사후 검사일 날짜형식 아님 ","")&IF(AND(ISNUMBER(V15),ISNUMBER(AE15)),IF(AE15<=V15,"검사일 역전 ",IF(OR(AE15-V15<77,AE15-V15>126),"사전–사후 간격(11–18주) 확인 ","")),"")&IF(D15=1,IF(OR(NOT(ISNUMBER(O15)),NOT(ISNUMBER(X15))),"분석포함인데 VO2 결측 ",""),"")))
... C33: =IF(B33="","",IF(B33=1,"실험군",IF(B33=2,"통제군","코드오류"))) | AF33: =IF(AND(ISNUMBER(O33),ISNUMBER(X33)),X33-O33,"") | AG33: =IF(AND(ISNUMBER(O33),ISNUMBER(X33)),IF(O33<>0,(X33-O33)/O33,""),"") | AH33: =IF(AND(ISNUMBER(N33),ISNUMBER(W33)),W33-N33,"") | AI33: =IF(COUNT(R33,Q33,S33,T33)=0,"",IF(ISNUMBER(R33),--(R33>=1.1),0)+IF(AND(ISNUMBER(Q33),ISNUMBER(I33)),--(Q33>=0.95*(220-I33)),0)+IF(ISNUMBER(S33),--(S33>=17),0)+IF(ISNUMBER(T33),--(T33=1),0)) | AJ33: =IF(COUNT(AA33,Z33,AB33,AC33)=0,"",IF(ISNUMBER(AA33),--(AA33>=1.1),0)+IF(AND(ISNUMBER(Z33),ISNUMBER(I33)),--(Z33>=0.95*(220-I33)),0)+IF(ISNUMBER(AB33),--(AB33>=17),0)+IF(ISNUMBER(AC33),--(AC33=1),0)) | AK33: =IF(A33="","",TRIM(IF(COUNTIF($A$4:$A$33,A33)>1,"ID 중복 ","")&IF(LEN(A33)<>LEN(TRIM(A33)),"ID 앞뒤 공백 ","")&IF(AND(B33<>1,B33<>2),"집단코드 확인 ","")&IF(OR(D33="",AND(D33<>0,D33<>1)),"분석포함 코드 확인(빈칸=제외됨) ","")&IF(AND(ISNUMBER(D33),D33=0,E33=""),"제외 사유 없음 ","")&IF(AND(O33<>"",NOT(ISNUMBER(O33))),"사전VO2 숫자 아님 ","")&IF(AND(X33<>"",NOT(ISNUMBER(X33))),"사후VO2 숫자 아님 ","")&IF(AND(N33<>"",NOT(ISNUMBER(N33))),"사전체중 숫자 아님 ","")&IF(AND(W33<>"",NOT(ISNUMBER(W33))),"사후체중 숫자 아님 ","")&IF(ISNUMBER(O33),IF(OR(O33<25,O33>85),"사전VO2 범위(25–85) 확인 ",""),"")&IF(ISNUMBER(X33),IF(OR(X33<25,X33>85),"사후VO2 범위(25–85) 확인 ",""),"")&IF(AND(ISNUMBER(O33),ISNUMBER(X33)),IF(ABS(X33-O33)>12,"VO2 변화량 12 초과 확인 ",""),"")&IF(AND(ISNUMBER(P33),ISNUMBER(N33),ISNUMBER(O33)),IF(N33<=0,"사전 체중 확인 ",IF(ABS(P33/N33-O33)>0.5,"사전 절대값/체중≠상대값 ","")),"")&IF(AND(ISNUMBER(Y33),ISNUMBER(W33),ISNUMBER(X33)),IF(W33<=0,"사후 체중 확인 ",IF(ABS(Y33/W33-X33)>0.5,"사후 절대값/체중≠상대값 ","")),"")&IF(ISNUMBER(R33),IF(OR(R33<0.85,R33>1.5),"사전 RER 범위 확인 ",""),"")&IF(ISNUMBER(AA33),IF(OR(AA33<0.85,AA33>1.5),"사후 RER 범위 확인 ",""),"")&IF(ISNUMBER(Q33),IF(OR(Q33<150,Q33>225),"사전 최고심박 범위 확인 ",""),"")&IF(ISNUMBER(Z33),IF(OR(Z33<150,Z33>225),"사후 최고심박 범위 확인 ",""),"")&IF(AND(ISNUMBER(U33),ISNUMBER(AI33)),IF(AND(U33=1,AI33<2),"사전 판정충족=1이나 기준 2개 미만 ",""),"")&IF(AND(ISNUMBER(AD33),ISNUMBER(AJ33)),IF(AND(AD33=1,AJ33<2),"사후 판정충족=1이나 기준 2개 미만 ",""),"")&IF(AND(V33<>"",NOT(ISNUMBER(V33))),"사전 검사일 날짜형식 아님 ","")&IF(AND(AE33<>"",NOT(ISNUMBER(AE33))),"사후 검사일 날짜형식 아님 ","")&IF(AND(ISNUMBER(V33),ISNUMBER(AE33)),IF(AE33<=V33,"검사일 역전 ",IF(OR(AE33-V33<77,AE33-V33>126),"사전–사후 간격(11–18주) 확인 ","")),"")&IF(D33=1,IF(OR(NOT(ISNUMBER(O33)),NOT(ISNUMBER(X33))),"분석포함인데 VO2 결측 ",""),"")))

Sheet FMS
A1: ID | B1: group | C1: include | D1: include_fms | E1: rater_pre | F1: date_fms_pre | G1: DS_pre | H1: HS_L_pre | I1: HS_R_pre | J1: ILL_L_pre | K1: ILL_R_pre | L1: SM_L_pre | M1: SM_R_pre | N1: SM_clr_pre | O1: ASLR_L_pre | P1: ASLR_R_pre | Q1: TSPU_pre | R1: TSPU_clr_pre | S1: RS_L_pre | T1: RS_R_pre | U1: RS_clr_pre | V1: fms_spss_pre | W1: rater_post | X1: date_fms_post | Y1: DS_post | Z1: HS_L_post | AA1: HS_R_post | AB1: ILL_L_post | AC1: ILL_R_post | AD1: SM_L_post | AE1: SM_R_post | AF1: SM_clr_post | AG1: ASLR_L_post | AH1: ASLR_R_post | AI1: TSPU_post | AJ1: TSPU_clr_post | AK1: RS_L_post | AL1: RS_R_post | AM1: RS_clr_post | AN1: fms_spss_post | AO1: DSs_pre | AP1: HSs_pre | AQ1: ILLs_pre | AR1: SMs_pre | AS1: ASLRs_pre | AT1: TSPUs_pre | AU1: RSs_pre | AV1: fms_calc_pre | AW1: asym_pre | AX1: clrn_pre | AY1: DSs_post | AZ1: HSs_post | BA1: ILLs_post | BB1: SMs_post | BC1: ASLRs_post | BD1: TSPUs_post | BE1: RSs_post | BF1: fms_calc_post | BG1: asym_post | BH1: clrn_post | BI1: fms_pre | BJ1: fms_post | BK1: d_fms | BL1: src_pre | BM1: src_post | BN1: r2_pre | BO1: r2_post | BP1: avg_pre | BQ1: avg_post | BR1: d_avg | BS1: chk_fms
A2: 대상자 ID (직접 입력) | B2: 집단 (자동) | C2: 분석 포함 (자동) | D2: FMS만 분석포함 1/0 (비우면 대상자 시트 따름) | E2: 사전 평가자 (코드) | F2: 사전 FMS 검사일 | G2: 사전 DS (0–3) | H2: 사전 HS 좌 (0–3) | I2: 사전 HS 우 (0–3) | J2: 사전 ILL 좌 (0–3) | K2: 사전 ILL 우 (0–3) | L2: 사전 SM 좌 (0–3) | M2: 사전 SM 우 (0–3) | N2: 사전 SM clearing 통증 1/0 (좌·우 중 하나라도) | O2: 사전 ASLR 좌 (0–3) | P2: 사전 ASLR 우 (0–3) | Q2: 사전 TSPU (0–3) | R2: 사전 TSPU clearing 통증 1/0 | S2: 사전 RS 좌 (0–3) | T2: 사전 RS 우 (0–3) | U2: 사전 RS clearing 통증 1/0 | V2: 사전 총점 기존 SPSS· 포스터 값 (있으면) | W2: 사후 평가자 (코드) | X2: 사후 FMS 검사일 | Y2: 사후 DS (0–3) | Z2: 사후 HS 좌 (0–3) | AA2: 사후 HS 우 (0–3) | AB2: 사후 ILL 좌 (0–3) | AC2: 사후 ILL 우 (0–3) | AD2: 사후 SM 좌 (0–3) | AE2: 사후 SM 우 (0–3) | AF2: 사후 SM clearing 통증 1/0 (좌·우 중 하나라도) | AG2: 사후 ASLR 좌 (0–3) | AH2: 사후 ASLR 우 (0–3) | AI2: 사후 TSPU (0–3) | AJ2: 사후 TSPU clearing 통증 1/0 | AK2: 사후 RS 좌 (0–3) | AL2: 사후 RS 우 (0–3) | AM2: 사후 RS clearing 통증 1/0 | AN2: 사후 총점 기존 SPSS· 포스터 값 (있으면) | AO2: 사전 DS 점수 (자동) | AP2: 사전 HS 점수 (자동) | AQ2: 사전 ILL 점수 (자동) | AR2: 사전 SM 점수 (자동) | AS2: 사전 ASLR 점수 (자동) | AT2: 사전 TSPU 점수 (자동) | AU2: 사전 RS 점수 (자동) | AV2: 사전 하위항목 합 (자동) | AW2: 사전 좌우 비대칭 항목 수 (자동) | AX2: 사전 clearing 기록 수 (자동) | AY2: 사후 DS 점수 (자동) | AZ2: 사후 HS 점수 (자동) | BA2: 사후 ILL 점수 (자동) | BB2: 사후 SM 점수 (자동) | BC2: 사후 ASLR 점수 (자동) | BD2: 사후 TSPU 점수 (자동) | BE2: 사후 RS 점수 (자동) | BF2: 사후 하위항목 합 (자동) | BG2: 사후 좌우 비대칭 항목 수 (자동) | BH2: 사후 clearing 기록 수 (자동) | BI2: 분석용 사전 총점 (자동) | BJ2: 분석용 사후 총점 (자동) | BK2: FMS 변화 사후−사전 (자동) | BL2: 사전 총점 출처 (자동) | BM2: 사후 총점 출처 (자동) | BN2: 평가자2 사전 총점 (자동) | BO2: 평가자2 사후 총점 (자동) | BP2: 평가자 평균 사전 총점 (자동) | BQ2: 평가자 평균 사후 총점 (자동) | BR2: 평가자 평균 변화 (자동) | BS2: 자동 점검 (경고가 있으면 주황색)
A3: 예시 | B3: 1 | C3: 0 | E3: R1 | F3: 45720 | G3: 2 | H3: 2 | I3: 2 | J3: 2 | K3: 3 | L3: 3 | M3: 2 | N3: 0 | O3: 2 | P3: 2 | Q3: 2 | R3: 0 | S3: 2 | T3: 2 | U3: 0 | V3: 14 | W3: R1 | X3: 45808 | Y3: 3 | Z3: 2 | AA3: 3 | AB3: 3 | AC3: 3 | AD3: 3 | AE3: 2 | AF3: 0 | AG3: 3 | AH3: 2 | AI3: 2 | AJ3: 0 | AK3: 2 | AL3: 2 | AM3: 0 | AN3: 16 | AO3: =IF(ISNUMBER(G3),G3,"") | AP3: =IF(AND(ISNUMBER(H3),ISNUMBER(I3)),MIN(H3,I3),"") | AQ3: =IF(AND(ISNUMBER(J3),ISNUMBER(K3)),MIN(J3,K3),"") | AR3: =IF(AND(ISNUMBER(L3),ISNUMBER(M3)),IF(N3=1,0,MIN(L3,M3)),"") | AS3: =IF(AND(ISNUMBER(O3),ISNUMBER(P3)),MIN(O3,P3),"") | AT3: =IF(ISNUMBER(Q3),IF(R3=1,0,Q3),"") | AU3: =IF(AND(ISNUMBER(S3),ISNUMBER(T3)),IF(U3=1,0,MIN(S3,T3)),"") | AV3: =IF(COUNT(AO3:AU3)=7,SUM(AO3:AU3),"") | AW3: =IF(ISNUMBER(AV3),--(H3<>I3)+--(J3<>K3)+--(L3<>M3)+--(O3<>P3)+--(S3<>T3),"") | AX3: =IF(ISNUMBER(AV3),COUNT(N3,R3,U3),"") | AY3: =IF(ISNUMBER(Y3),Y3,"") | AZ3: =IF(AND(ISNUMBER(Z3),ISNUMBER(AA3)),MIN(Z3,AA3),"") | BA3: =IF(AND(ISNUMBER(AB3),ISNUMBER(AC3)),MIN(AB3,AC3),"") | BB3: =IF(AND(ISNUMBER(AD3),ISNUMBER(AE3)),IF(AF3=1,0,MIN(AD3,AE3)),"") | BC3: =IF(AND(ISNUMBER(AG3),ISNUMBER(AH3)),MIN(AG3,AH3),"") | BD3: =IF(ISNUMBER(AI3),IF(AJ3=1,0,AI3),"") | BE3: =IF(AND(ISNUMBER(AK3),ISNUMBER(AL3)),IF(AM3=1,0,MIN(AK3,AL3)),"") | BF3: =IF(COUNT(AY3:BE3)=7,SUM(AY3:BE3),"") | BG3: =IF(ISNUMBER(BF3),--(Z3<>AA3)+--(AB3<>AC3)+--(AD3<>AE3)+--(AG3<>AH3)+--(AK3<>AL3),"") | BH3: =IF(ISNUMBER(BF3),COUNT(AF3,AJ3,AM3),"") | BI3: =IF(ISNUMBER(AV3),AV3,IF(ISNUMBER(V3),V3,"")) | BJ3: =IF(ISNUMBER(BF3),BF3,IF(ISNUMBER(AN3),AN3,"")) | BK3: =IF(AND(ISNUMBER(BI3),ISNUMBER(BJ3)),BJ3-BI3,"") | BL3: =IF(ISNUMBER(AV3),"하위항목",IF(ISNUMBER(V3),"SPSS총점","")) | BM3: =IF(ISNUMBER(BF3),"하위항목",IF(ISNUMBER(AN3),"SPSS총점","")) | BN3: =IF($A3="","",IFERROR(IF(ISNUMBER(INDEX('FMS_평가자2'!$AP$4:$AP$33,MATCH($A3,'FMS_평가자2'!$A$4:$A$33,0))),INDEX('FMS_평가자2'!$AP$4:$AP$33,MATCH($A3,'FMS_평가자2'!$A$4:$A$33,0)),""),"")) | BO3: =IF($A3="","",IFERROR(IF(ISNUMBER(INDEX('FMS_평가자2'!$AY$4:$AY$33,MATCH($A3,'FMS_평가자2'!$A$4:$A$33,0))),INDEX('FMS_평가자2'!$AY$4:$AY$33,MATCH($A3,'FMS_평가자2'!$A$4:$A$33,0)),""),"")) | BP3: =IF(AND(ISNUMBER(AV3),ISNUMBER(BN3)),(AV3+BN3)/2,"") | BQ3: =IF(AND(ISNUMBER(BF3),ISNUMBER(BO3)),(BF3+BO3)/2,"") | BR3: =IF(AND(ISNUMBER(BP3),ISNUMBER(BQ3)),BQ3-BP3,"")
B4: =IF($A4="","",IFERROR(IF(INDEX('대상자_VO2max'!$B$4:$B$33,MATCH($A4,'대상자_VO2max'!$A$4:$A$33,0))="","",INDEX('대상자_VO2max'!$B$4:$B$33,MATCH($A4,'대상자_VO2max'!$A$4:$A$33,0))),"ID없음")) | C4: =IF(ISNUMBER(D4),D4,IF($A4="","",IFERROR(IF(INDEX('대상자_VO2max'!$D$4:$D$33,MATCH($A4,'대상자_VO2max'!$A$4:$A$33,0))="","",INDEX('대상자_VO2max'!$D$4:$D$33,MATCH($A4,'대상자_VO2max'!$A$4:$A$33,0))),"ID없음"))) | AO4: =IF(ISNUMBER(G4),G4,"") | AP4: =IF(AND(ISNUMBER(H4),ISNUMBER(I4)),MIN(H4,I4),"") | AQ4: =IF(AND(ISNUMBER(J4),ISNUMBER(K4)),MIN(J4,K4),"") | AR4: =IF(AND(ISNUMBER(L4),ISNUMBER(M4)),IF(N4=1,0,MIN(L4,M4)),"") | AS4: =IF(AND(ISNUMBER(O4),ISNUMBER(P4)),MIN(O4,P4),"") | AT4: =IF(ISNUMBER(Q4),IF(R4=1,0,Q4),"") | AU4: =IF(AND(ISNUMBER(S4),ISNUMBER(T4)),IF(U4=1,0,MIN(S4,T4)),"") | AV4: =IF(COUNT(AO4:AU4)=7,SUM(AO4:AU4),"") | AW4: =IF(ISNUMBER(AV4),--(H4<>I4)+--(J4<>K4)+--(L4<>M4)+--(O4<>P4)+--(S4<>T4),"") | AX4: =IF(ISNUMBER(AV4),COUNT(N4,R4,U4),"") | AY4: =IF(ISNUMBER(Y4),Y4,"") | AZ4: =IF(AND(ISNUMBER(Z4),ISNUMBER(AA4)),MIN(Z4,AA4),"") | BA4: =IF(AND(ISNUMBER(AB4),ISNUMBER(AC4)),MIN(AB4,AC4),"") | BB4: =IF(AND(ISNUMBER(AD4),ISNUMBER(AE4)),IF(AF4=1,0,MIN(AD4,AE4)),"") | BC4: =IF(AND(ISNUMBER(AG4),ISNUMBER(AH4)),MIN(AG4,AH4),"") | BD4: =IF(ISNUMBER(AI4),IF(AJ4=1,0,AI4),"") | BE4: =IF(AND(ISNUMBER(AK4),ISNUMBER(AL4)),IF(AM4=1,0,MIN(AK4,AL4)),"") | BF4: =IF(COUNT(AY4:BE4)=7,SUM(AY4:BE4),"") | BG4: =IF(ISNUMBER(BF4),--(Z4<>AA4)+--(AB4<>AC4)+--(AD4<>AE4)+--(AG4<>AH4)+--(AK4<>AL4),"") | BH4: =IF(ISNUMBER(BF4),COUNT(AF4,AJ4,AM4),"") | BI4: =IF(ISNUMBER(AV4),AV4,IF(ISNUMBER(V4),V4,"")) | BJ4: =IF(ISNUMBER(BF4),BF4,IF(ISNUMBER(AN4),AN4,"")) | BK4: =IF(AND(ISNUMBER(BI4),ISNUMBER(BJ4)),BJ4-BI4,"") | BL4: =IF(ISNUMBER(AV4),"하위항목",IF(ISNUMBER(V4),"SPSS총점","")) | BM4: =IF(ISNUMBER(BF4),"하위항목",IF(ISNUMBER(AN4),"SPSS총점","")) | BN4: =IF($A4="","",IFERROR(IF(ISNUMBER(INDEX('FMS_평가자2'!$AP$4:$AP$33,MATCH($A4,'FMS_평가자2'!$A$4:$A$33,0))),INDEX('FMS_평가자2'!$AP$4:$AP$33,MATCH($A4,'FMS_평가자2'!$A$4:$A$33,0)),""),"")) | BO4: =IF($A4="","",IFERROR(IF(ISNUMBER(INDEX('FMS_평가자2'!$AY$4:$AY$33,MATCH($A4,'FMS_평가자2'!$A$4:$A$33,0))),INDEX('FMS_평가자2'!$AY$4:$AY$33,MATCH($A4,'FMS_평가자2'!$A$4:$A$33,0)),""),"")) | BP4: =IF(AND(ISNUMBER(AV4),ISNUMBER(BN4)),(AV4+BN4)/2,"") | BQ4: =IF(AND(ISNUMBER(BF4),ISNUMBER(BO4)),(BF4+BO4)/2,"") | BR4: =IF(AND(ISNUMBER(BP4),ISNUMBER(BQ4)),BQ4-BP4,"") | BS4: =IF(A4="","",TRIM(IF(B4="ID없음","대상자_VO2max 시트에 없는 ID ","")&IF(LEN(A4)<>LEN(TRIM(A4)),"ID 앞뒤 공백 ","")&IF(COUNTIF($A$4:$A$33,A4)>1,"ID 중복 ","")&IF(AND(B4<>"ID없음",OR(B4="",AND(B4<>1,B4<>2))),"집단 코드 확인(대상자 시트) ","")&IF(AND(B4<>"ID없음",OR(C4="",AND(C4<>0,C4<>1))),"분석포함 코드 확인 ","")&IF(AND(COUNT(G4,H4,I4,J4,K4,L4,M4,O4,P4,Q4,S4,T4)>0,COUNT(G4,H4,I4,J4,K4,L4,M4,O4,P4,Q4,S4,T4)<12),"사전 동작점수 일부 빈칸 ","")&IF(AND(COUNT(Y4,Z4,AA4,AB4,AC4,AD4,AE4,AG4,AH4,AI4,AK4,AL4)>0,COUNT(Y4,Z4,AA4,AB4,AC4,AD4,AE4,AG4,AH4,AI4,AK4,AL4)<12),"사후 동작점수 일부 빈칸 ","")&IF(AND(V4<>"",NOT(ISNUMBER(V4))),"사전 SPSS총점 숫자 아님 ","")&IF(AND(AN4<>"",NOT(ISNUMBER(AN4))),"사후 SPSS총점 숫자 아님 ","")&IF(AND(ISNUMBER(AV4),ISNUMBER(V4)),IF(AV4<>V4,"사전: 계산총점≠SPSS총점 ",""),"")&IF(ISNUMBER(BI4),IF(BI4<>INT(BI4),"사전 총점 정수 아님 ",""),"")&IF(ISNUMBER(BI4),IF(OR(BI4<0,BI4>21),"사전 총점 범위(0–21) 밖 ",""),"")&IF(AND(ISNUMBER(BF4),ISNUMBER(AN4)),IF(BF4<>AN4,"사후: 계산총점≠SPSS총점 ",""),"")&IF(ISNUMBER(BJ4),IF(BJ4<>INT(BJ4),"사후 총점 정수 아님 ",""),"")&IF(ISNUMBER(BJ4),IF(OR(BJ4<0,BJ4>21),"사후 총점 범위(0–21) 밖 ",""),"")&IF(C4=1,IF(OR(NOT(ISNUMBER(BI4)),NOT(ISNUMBER(BJ4))),"분석포함인데 FMS 결측 ",""),"")))
B5: =IF($A5="","",IFERROR(IF(INDEX('대상자_VO2max'!$B$4:$B$33,MATCH($A5,'대상자_VO2max'!$A$4:$A$33,0))="","",INDEX('대상자_VO2max'!$B$4:$B$33,MATCH($A5,'대상자_VO2max'!$A$4:$A$33,0))),"ID없음")) | C5: =IF(ISNUMBER(D5),D5,IF($A5="","",IFERROR(IF(INDEX('대상자_VO2max'!$D$4:$D$33,MATCH($A5,'대상자_VO2max'!$A$4:$A$33,0))="","",INDEX('대상자_VO2max'!$D$4:$D$33,MATCH($A5,'대상자_VO2max'!$A$4:$A$33,0))),"ID없음"))) | AO5: =IF(ISNUMBER(G5),G5,"") | AP5: =IF(AND(ISNUMBER(H5),ISNUMBER(I5)),MIN(H5,I5),"") | AQ5: =IF(AND(ISNUMBER(J5),ISNUMBER(K5)),MIN(J5,K5),"") | AR5: =IF(AND(ISNUMBER(L5),ISNUMBER(M5)),IF(N5=1,0,MIN(L5,M5)),"") | AS5: =IF(AND(ISNUMBER(O5),ISNUMBER(P5)),MIN(O5,P5),"") | AT5: =IF(ISNUMBER(Q5),IF(R5=1,0,Q5),"") | AU5: =IF(AND(ISNUMBER(S5),ISNUMBER(T5)),IF(U5=1,0,MIN(S5,T5)),"") | AV5: =IF(COUNT(AO5:AU5)=7,SUM(AO5:AU5),"") | AW5: =IF(ISNUMBER(AV5),--(H5<>I5)+--(J5<>K5)+--(L5<>M5)+--(O5<>P5)+--(S5<>T5),"") | AX5: =IF(ISNUMBER(AV5),COUNT(N5,R5,U5),"") | AY5: =IF(ISNUMBER(Y5),Y5,"") | AZ5: =IF(AND(ISNUMBER(Z5),ISNUMBER(AA5)),MIN(Z5,AA5),"") | BA5: =IF(AND(ISNUMBER(AB5),ISNUMBER(AC5)),MIN(AB5,AC5),"") | BB5: =IF(AND(ISNUMBER(AD5),ISNUMBER(AE5)),IF(AF5=1,0,MIN(AD5,AE5)),"") | BC5: =IF(AND(ISNUMBER(AG5),ISNUMBER(AH5)),MIN(AG5,AH5),"") | BD5: =IF(ISNUMBER(AI5),IF(AJ5=1,0,AI5),"") | BE5: =IF(AND(ISNUMBER(AK5),ISNUMBER(AL5)),IF(AM5=1,0,MIN(AK5,AL5)),"") | BF5: =IF(COUNT(AY5:BE5)=7,SUM(AY5:BE5),"") | BG5: =IF(ISNUMBER(BF5),--(Z5<>AA5)+--(AB5<>AC5)+--(AD5<>AE5)+--(AG5<>AH5)+--(AK5<>AL5),"") | BH5: =IF(ISNUMBER(BF5),COUNT(AF5,AJ5,AM5),"") | BI5: =IF(ISNUMBER(AV5),AV5,IF(ISNUMBER(V5),V5,"")) | BJ5: =IF(ISNUMBER(BF5),BF5,IF(ISNUMBER(AN5),AN5,"")) | BK5: =IF(AND(ISNUMBER(BI5),ISNUMBER(BJ5)),BJ5-BI5,"") | BL5: =IF(ISNUMBER(AV5),"하위항목",IF(ISNUMBER(V5),"SPSS총점","")) | BM5: =IF(ISNUMBER(BF5),"하위항목",IF(ISNUMBER(AN5),"SPSS총점","")) | BN5: =IF($A5="","",IFERROR(IF(ISNUMBER(INDEX('FMS_평가자2'!$AP$4:$AP$33,MATCH($A5,'FMS_평가자2'!$A$4:$A$33,0))),INDEX('FMS_평가자2'!$AP$4:$AP$33,MATCH($A5,'FMS_평가자2'!$A$4:$A$33,0)),""),"")) | BO5: =IF($A5="","",IFERROR(IF(ISNUMBER(INDEX('FMS_평가자2'!$AY$4:$AY$33,MATCH($A5,'FMS_평가자2'!$A$4:$A$33,0))),INDEX('FMS_평가자2'!$AY$4:$AY$33,MATCH($A5,'FMS_평가자2'!$A$4:$A$33,0)),""),"")) | BP5: =IF(AND(ISNUMBER(AV5),ISNUMBER(BN5)),(AV5+BN5)/2,"") | BQ5: =IF(AND(ISNUMBER(BF5),ISNUMBER(BO5)),(BF5+BO5)/2,"") | BR5: =IF(AND(ISNUMBER(BP5),ISNUMBER(BQ5)),BQ5-BP5,"") | BS5: =IF(A5="","",TRIM(IF(B5="ID없음","대상자_VO2max 시트에 없는 ID ","")&IF(LEN(A5)<>LEN(TRIM(A5)),"ID 앞뒤 공백 ","")&IF(COUNTIF($A$4:$A$33,A5)>1,"ID 중복 ","")&IF(AND(B5<>"ID없음",OR(B5="",AND(B5<>1,B5<>2))),"집단 코드 확인(대상자 시트) ","")&IF(AND(B5<>"ID없음",OR(C5="",AND(C5<>0,C5<>1))),"분석포함 코드 확인 ","")&IF(AND(COUNT(G5,H5,I5,J5,K5,L5,M5,O5,P5,Q5,S5,T5)>0,COUNT(G5,H5,I5,J5,K5,L5,M5,O5,P5,Q5,S5,T5)<12),"사전 동작점수 일부 빈칸 ","")&IF(AND(COUNT(Y5,Z5,AA5,AB5,AC5,AD5,AE5,AG5,AH5,AI5,AK5,AL5)>0,COUNT(Y5,Z5,AA5,AB5,AC5,AD5,AE5,AG5,AH5,AI5,AK5,AL5)<12),"사후 동작점수 일부 빈칸 ","")&IF(AND(V5<>"",NOT(ISNUMBER(V5))),"사전 SPSS총점 숫자 아님 ","")&IF(AND(AN5<>"",NOT(ISNUMBER(AN5))),"사후 SPSS총점 숫자 아님 ","")&IF(AND(ISNUMBER(AV5),ISNUMBER(V5)),IF(AV5<>V5,"사전: 계산총점≠SPSS총점 ",""),"")&IF(ISNUMBER(BI5),IF(BI5<>INT(BI5),"사전 총점 정수 아님 ",""),"")&IF(ISNUMBER(BI5),IF(OR(BI5<0,BI5>21),"사전 총점 범위(0–21) 밖 ",""),"")&IF(AND(ISNUMBER(BF5),ISNUMBER(AN5)),IF(BF5<>AN5,"사후: 계산총점≠SPSS총점 ",""),"")&IF(ISNUMBER(BJ5),IF(BJ5<>INT(BJ5),"사후 총점 정수 아님 ",""),"")&IF(ISNUMBER(BJ5),IF(OR(BJ5<0,BJ5>21),"사후 총점 범위(0–21) 밖 ",""),"")&IF(C5=1,IF(OR(NOT(ISNUMBER(BI5)),NOT(ISNUMBER(BJ5))),"분석포함인데 FMS 결측 ",""),"")))
B6: =IF($A6="","",IFERROR(IF(INDEX('대상자_VO2max'!$B$4:$B$33,MATCH($A6,'대상자_VO2max'!$A$4:$A$33,0))="","",INDEX('대상자_VO2max'!$B$4:$B$33,MATCH($A6,'대상자_VO2max'!$A$4:$A$33,0))),"ID없음")) | C6: =IF(ISNUMBER(D6),D6,IF($A6="","",IFERROR(IF(INDEX('대상자_VO2max'!$D$4:$D$33,MATCH($A6,'대상자_VO2max'!$A$4:$A$33,0))="","",INDEX('대상자_VO2max'!$D$4:$D$33,MATCH($A6,'대상자_VO2max'!$A$4:$A$33,0))),"ID없음"))) | AO6: =IF(ISNUMBER(G6),G6,"") | AP6: =IF(AND(ISNUMBER(H6),ISNUMBER(I6)),MIN(H6,I6),"") | AQ6: =IF(AND(ISNUMBER(J6),ISNUMBER(K6)),MIN(J6,K6),"") | AR6: =IF(AND(ISNUMBER(L6),ISNUMBER(M6)),IF(N6=1,0,MIN(L6,M6)),"") | AS6: =IF(AND(ISNUMBER(O6),ISNUMBER(P6)),MIN(O6,P6),"") | AT6: =IF(ISNUMBER(Q6),IF(R6=1,0,Q6),"") | AU6: =IF(AND(ISNUMBER(S6),ISNUMBER(T6)),IF(U6=1,0,MIN(S6,T6)),"") | AV6: =IF(COUNT(AO6:AU6)=7,SUM(AO6:AU6),"") | AW6: =IF(ISNUMBER(AV6),--(H6<>I6)+--(J6<>K6)+--(L6<>M6)+--(O6<>P6)+--(S6<>T6),"") | AX6: =IF(ISNUMBER(AV6),COUNT(N6,R6,U6),"") | AY6: =IF(ISNUMBER(Y6),Y6,"") | AZ6: =IF(AND(ISNUMBER(Z6),ISNUMBER(AA6)),MIN(Z6,AA6),"") | BA6: =IF(AND(ISNUMBER(AB6),ISNUMBER(AC6)),MIN(AB6,AC6),"") | BB6: =IF(AND(ISNUMBER(AD6),ISNUMBER(AE6)),IF(AF6=1,0,MIN(AD6,AE6)),"") | BC6: =IF(AND(ISNUMBER(AG6),ISNUMBER(AH6)),MIN(AG6,AH6),"") | BD6: =IF(ISNUMBER(AI6),IF(AJ6=1,0,AI6),"") | BE6: =IF(AND(ISNUMBER(AK6),ISNUMBER(AL6)),IF(AM6=1,0,MIN(AK6,AL6)),"") | BF6: =IF(COUNT(AY6:BE6)=7,SUM(AY6:BE6),"") | BG6: =IF(ISNUMBER(BF6),--(Z6<>AA6)+--(AB6<>AC6)+--(AD6<>AE6)+--(AG6<>AH6)+--(AK6<>AL6),"") | BH6: =IF(ISNUMBER(BF6),COUNT(AF6,AJ6,AM6),"") | BI6: =IF(ISNUMBER(AV6),AV6,IF(ISNUMBER(V6),V6,"")) | BJ6: =IF(ISNUMBER(BF6),BF6,IF(ISNUMBER(AN6),AN6,"")) | BK6: =IF(AND(ISNUMBER(BI6),ISNUMBER(BJ6)),BJ6-BI6,"") | BL6: =IF(ISNUMBER(AV6),"하위항목",IF(ISNUMBER(V6),"SPSS총점","")) | BM6: =IF(ISNUMBER(BF6),"하위항목",IF(ISNUMBER(AN6),"SPSS총점","")) | BN6: =IF($A6="","",IFERROR(IF(ISNUMBER(INDEX('FMS_평가자2'!$AP$4:$AP$33,MATCH($A6,'FMS_평가자2'!$A$4:$A$33,0))),INDEX('FMS_평가자2'!$AP$4:$AP$33,MATCH($A6,'FMS_평가자2'!$A$4:$A$33,0)),""),"")) | BO6: =IF($A6="","",IFERROR(IF(ISNUMBER(INDEX('FMS_평가자2'!$AY$4:$AY$33,MATCH($A6,'FMS_평가자2'!$A$4:$A$33,0))),INDEX('FMS_평가자2'!$AY$4:$AY$33,MATCH($A6,'FMS_평가자2'!$A$4:$A$33,0)),""),"")) | BP6: =IF(AND(ISNUMBER(AV6),ISNUMBER(BN6)),(AV6+BN6)/2,"") | BQ6: =IF(AND(ISNUMBER(BF6),ISNUMBER(BO6)),(BF6+BO6)/2,"") | BR6: =IF(AND(ISNUMBER(BP6),ISNUMBER(BQ6)),BQ6-BP6,"") | BS6: =IF(A6="","",TRIM(IF(B6="ID없음","대상자_VO2max 시트에 없는 ID ","")&IF(LEN(A6)<>LEN(TRIM(A6)),"ID 앞뒤 공백 ","")&IF(COUNTIF($A$4:$A$33,A6)>1,"ID 중복 ","")&IF(AND(B6<>"ID없음",OR(B6="",AND(B6<>1,B6<>2))),"집단 코드 확인(대상자 시트) ","")&IF(AND(B6<>"ID없음",OR(C6="",AND(C6<>0,C6<>1))),"분석포함 코드 확인 ","")&IF(AND(COUNT(G6,H6,I6,J6,K6,L6,M6,O6,P6,Q6,S6,T6)>0,COUNT(G6,H6,I6,J6,K6,L6,M6,O6,P6,Q6,S6,T6)<12),"사전 동작점수 일부 빈칸 ","")&IF(AND(COUNT(Y6,Z6,AA6,AB6,AC6,AD6,AE6,AG6,AH6,AI6,AK6,AL6)>0,COUNT(Y6,Z6,AA6,AB6,AC6,AD6,AE6,AG6,AH6,AI6,AK6,AL6)<12),"사후 동작점수 일부 빈칸 ","")&IF(AND(V6<>"",NOT(ISNUMBER(V6))),"사전 SPSS총점 숫자 아님 ","")&IF(AND(AN6<>"",NOT(ISNUMBER(AN6))),"사후 SPSS총점 숫자 아님 ","")&IF(AND(ISNUMBER(AV6),ISNUMBER(V6)),IF(AV6<>V6,"사전: 계산총점≠SPSS총점 ",""),"")&IF(ISNUMBER(BI6),IF(BI6<>INT(BI6),"사전 총점 정수 아님 ",""),"")&IF(ISNUMBER(BI6),IF(OR(BI6<0,BI6>21),"사전 총점 범위(0–21) 밖 ",""),"")&IF(AND(ISNUMBER(BF6),ISNUMBER(AN6)),IF(BF6<>AN6,"사후: 계산총점≠SPSS총점 ",""),"")&IF(ISNUMBER(BJ6),IF(BJ6<>INT(BJ6),"사후 총점 정수 아님 ",""),"")&IF(ISNUMBER(BJ6),IF(OR(BJ6<0,BJ6>21),"사후 총점 범위(0–21) 밖 ",""),"")&IF(C6=1,IF(OR(NOT(ISNUMBER(BI6)),NOT(ISNUMBER(BJ6))),"분석포함인데 FMS 결측 ",""),"")))
B7: =IF($A7="","",IFERROR(IF(INDEX('대상자_VO2max'!$B$4:$B$33,MATCH($A7,'대상자_VO2max'!$A$4:$A$33,0))="","",INDEX('대상자_VO2max'!$B$4:$B$33,MATCH($A7,'대상자_VO2max'!$A$4:$A$33,0))),"ID없음")) | C7: =IF(ISNUMBER(D7),D7,IF($A7="","",IFERROR(IF(INDEX('대상자_VO2max'!$D$4:$D$33,MATCH($A7,'대상자_VO2max'!$A$4:$A$33,0))="","",INDEX('대상자_VO2max'!$D$4:$D$33,MATCH($A7,'대상자_VO2max'!$A$4:$A$33,0))),"ID없음"))) | AO7: =IF(ISNUMBER(G7),G7,"") | AP7: =IF(AND(ISNUMBER(H7),ISNUMBER(I7)),MIN(H7,I7),"") | AQ7: =IF(AND(ISNUMBER(J7),ISNUMBER(K7)),MIN(J7,K7),"") | AR7: =IF(AND(ISNUMBER(L7),ISNUMBER(M7)),IF(N7=1,0,MIN(L7,M7)),"") | AS7: =IF(AND(ISNUMBER(O7),ISNUMBER(P7)),MIN(O7,P7),"") | AT7: =IF(ISNUMBER(Q7),IF(R7=1,0,Q7),"") | AU7: =IF(AND(ISNUMBER(S7),ISNUMBER(T7)),IF(U7=1,0,MIN(S7,T7)),"") | AV7: =IF(COUNT(AO7:AU7)=7,SUM(AO7:AU7),"") | AW7: =IF(ISNUMBER(AV7),--(H7<>I7)+--(J7<>K7)+--(L7<>M7)+--(O7<>P7)+--(S7<>T7),"") | AX7: =IF(ISNUMBER(AV7),COUNT(N7,R7,U7),"") | AY7: =IF(ISNUMBER(Y7),Y7,"") | AZ7: =IF(AND(ISNUMBER(Z7),ISNUMBER(AA7)),MIN(Z7,AA7),"") | BA7: =IF(AND(ISNUMBER(AB7),ISNUMBER(AC7)),MIN(AB7,AC7),"") | BB7: =IF(AND(ISNUMBER(AD7),ISNUMBER(AE7)),IF(AF7=1,0,MIN(AD7,AE7)),"") | BC7: =IF(AND(ISNUMBER(AG7),ISNUMBER(AH7)),MIN(AG7,AH7),"") | BD7: =IF(ISNUMBER(AI7),IF(AJ7=1,0,AI7),"") | BE7: =IF(AND(ISNUMBER(AK7),ISNUMBER(AL7)),IF(AM7=1,0,MIN(AK7,AL7)),"") | BF7: =IF(COUNT(AY7:BE7)=7,SUM(AY7:BE7),"") | BG7: =IF(ISNUMBER(BF7),--(Z7<>AA7)+--(AB7<>AC7)+--(AD7<>AE7)+--(AG7<>AH7)+--(AK7<>AL7),"") | BH7: =IF(ISNUMBER(BF7),COUNT(AF7,AJ7,AM7),"") | BI7: =IF(ISNUMBER(AV7),AV7,IF(ISNUMBER(V7),V7,"")) | BJ7: =IF(ISNUMBER(BF7),BF7,IF(ISNUMBER(AN7),AN7,"")) | BK7: =IF(AND(ISNUMBER(BI7),ISNUMBER(BJ7)),BJ7-BI7,"") | BL7: =IF(ISNUMBER(AV7),"하위항목",IF(ISNUMBER(V7),"SPSS총점","")) | BM7: =IF(ISNUMBER(BF7),"하위항목",IF(ISNUMBER(AN7),"SPSS총점","")) | BN7: =IF($A7="","",IFERROR(IF(ISNUMBER(INDEX('FMS_평가자2'!$AP$4:$AP$33,MATCH($A7,'FMS_평가자2'!$A$4:$A$33,0))),INDEX('FMS_평가자2'!$AP$4:$AP$33,MATCH($A7,'FMS_평가자2'!$A$4:$A$33,0)),""),"")) | BO7: =IF($A7="","",IFERROR(IF(ISNUMBER(INDEX('FMS_평가자2'!$AY$4:$AY$33,MATCH($A7,'FMS_평가자2'!$A$4:$A$33,0))),INDEX('FMS_평가자2'!$AY$4:$AY$33,MATCH($A7,'FMS_평가자2'!$A$4:$A$33,0)),""),"")) | BP7: =IF(AND(ISNUMBER(AV7),ISNUMBER(BN7)),(AV7+BN7)/2,"") | BQ7: =IF(AND(ISNUMBER(BF7),ISNUMBER(BO7)),(BF7+BO7)/2,"") | BR7: =IF(AND(ISNUMBER(BP7),ISNUMBER(BQ7)),BQ7-BP7,"") | BS7: =IF(A7="","",TRIM(IF(B7="ID없음","대상자_VO2max 시트에 없는 ID ","")&IF(LEN(A7)<>LEN(TRIM(A7)),"ID 앞뒤 공백 ","")&IF(COUNTIF($A$4:$A$33,A7)>1,"ID 중복 ","")&IF(AND(B7<>"ID없음",OR(B7="",AND(B7<>1,B7<>2))),"집단 코드 확인(대상자 시트) ","")&IF(AND(B7<>"ID없음",OR(C7="",AND(C7<>0,C7<>1))),"분석포함 코드 확인 ","")&IF(AND(COUNT(G7,H7,I7,J7,K7,L7,M7,O7,P7,Q7,S7,T7)>0,COUNT(G7,H7,I7,J7,K7,L7,M7,O7,P7,Q7,S7,T7)<12),"사전 동작점수 일부 빈칸 ","")&IF(AND(COUNT(Y7,Z7,AA7,AB7,AC7,AD7,AE7,AG7,AH7,AI7,AK7,AL7)>0,COUNT(Y7,Z7,AA7,AB7,AC7,AD7,AE7,AG7,AH7,AI7,AK7,AL7)<12),"사후 동작점수 일부 빈칸 ","")&IF(AND(V7<>"",NOT(ISNUMBER(V7))),"사전 SPSS총점 숫자 아님 ","")&IF(AND(AN7<>"",NOT(ISNUMBER(AN7))),"사후 SPSS총점 숫자 아님 ","")&IF(AND(ISNUMBER(AV7),ISNUMBER(V7)),IF(AV7<>V7,"사전: 계산총점≠SPSS총점 ",""),"")&IF(ISNUMBER(BI7),IF(BI7<>INT(BI7),"사전 총점 정수 아님 ",""),"")&IF(ISNUMBER(BI7),IF(OR(BI7<0,BI7>21),"사전 총점 범위(0–21) 밖 ",""),"")&IF(AND(ISNUMBER(BF7),ISNUMBER(AN7)),IF(BF7<>AN7,"사후: 계산총점≠SPSS총점 ",""),"")&IF(ISNUMBER(BJ7),IF(BJ7<>INT(BJ7),"사후 총점 정수 아님 ",""),"")&IF(ISNUMBER(BJ7),IF(OR(BJ7<0,BJ7>21),"사후 총점 범위(0–21) 밖 ",""),"")&IF(C7=1,IF(OR(NOT(ISNUMBER(BI7)),NOT(ISNUMBER(BJ7))),"분석포함인데 FMS 결측 ",""),"")))
B8: =IF($A8="","",IFERROR(IF(INDEX('대상자_VO2max'!$B$4:$B$33,MATCH($A8,'대상자_VO2max'!$A$4:$A$33,0))="","",INDEX('대상자_VO2max'!$B$4:$B$33,MATCH($A8,'대상자_VO2max'!$A$4:$A$33,0))),"ID없음")) | C8: =IF(ISNUMBER(D8),D8,IF($A8="","",IFERROR(IF(INDEX('대상자_VO2max'!$D$4:$D$33,MATCH($A8,'대상자_VO2max'!$A$4:$A$33,0))="","",INDEX('대상자_VO2max'!$D$4:$D$33,MATCH($A8,'대상자_VO2max'!$A$4:$A$33,0))),"ID없음"))) | AO8: =IF(ISNUMBER(G8),G8,"") | AP8: =IF(AND(ISNUMBER(H8),ISNUMBER(I8)),MIN(H8,I8),"") | AQ8: =IF(AND(ISNUMBER(J8),ISNUMBER(K8)),MIN(J8,K8),"") | AR8: =IF(AND(ISNUMBER(L8),ISNUMBER(M8)),IF(N8=1,0,MIN(L8,M8)),"") | AS8: =IF(AND(ISNUMBER(O8),ISNUMBER(P8)),MIN(O8,P8),"") | AT8: =IF(ISNUMBER(Q8),IF(R8=1,0,Q8),"") | AU8: =IF(AND(ISNUMBER(S8),ISNUMBER(T8)),IF(U8=1,0,MIN(S8,T8)),"") | AV8: =IF(COUNT(AO8:AU8)=7,SUM(AO8:AU8),"") | AW8: =IF(ISNUMBER(AV8),--(H8<>I8)+--(J8<>K8)+--(L8<>M8)+--(O8<>P8)+--(S8<>T8),"") | AX8: =IF(ISNUMBER(AV8),COUNT(N8,R8,U8),"") | AY8: =IF(ISNUMBER(Y8),Y8,"") | AZ8: =IF(AND(ISNUMBER(Z8),ISNUMBER(AA8)),MIN(Z8,AA8),"") | BA8: =IF(AND(ISNUMBER(AB8),ISNUMBER(AC8)),MIN(AB8,AC8),"") | BB8: =IF(AND(ISNUMBER(AD8),ISNUMBER(AE8)),IF(AF8=1,0,MIN(AD8,AE8)),"") | BC8: =IF(AND(ISNUMBER(AG8),ISNUMBER(AH8)),MIN(AG8,AH8),"") | BD8: =IF(ISNUMBER(AI8),IF(AJ8=1,0,AI8),"") | BE8: =IF(AND(ISNUMBER(AK8),ISNUMBER(AL8)),IF(AM8=1,0,MIN(AK8,AL8)),"") | BF8: =IF(COUNT(AY8:BE8)=7,SUM(AY8:BE8),"") | BG8: =IF(ISNUMBER(BF8),--(Z8<>AA8)+--(AB8<>AC8)+--(AD8<>AE8)+--(AG8<>AH8)+--(AK8<>AL8),"") | BH8: =IF(ISNUMBER(BF8),COUNT(AF8,AJ8,AM8),"") | BI8: =IF(ISNUMBER(AV8),AV8,IF(ISNUMBER(V8),V8,"")) | BJ8: =IF(ISNUMBER(BF8),BF8,IF(ISNUMBER(AN8),AN8,"")) | BK8: =IF(AND(ISNUMBER(BI8),ISNUMBER(BJ8)),BJ8-BI8,"") | BL8: =IF(ISNUMBER(AV8),"하위항목",IF(ISNUMBER(V8),"SPSS총점","")) | BM8: =IF(ISNUMBER(BF8),"하위항목",IF(ISNUMBER(AN8),"SPSS총점","")) | BN8: =IF($A8="","",IFERROR(IF(ISNUMBER(INDEX('FMS_평가자2'!$AP$4:$AP$33,MATCH($A8,'FMS_평가자2'!$A$4:$A$33,0))),INDEX('FMS_평가자2'!$AP$4:$AP$33,MATCH($A8,'FMS_평가자2'!$A$4:$A$33,0)),""),"")) | BO8: =IF($A8="","",IFERROR(IF(ISNUMBER(INDEX('FMS_평가자2'!$AY$4:$AY$33,MATCH($A8,'FMS_평가자2'!$A$4:$A$33,0))),INDEX('FMS_평가자2'!$AY$4:$AY$33,MATCH($A8,'FMS_평가자2'!$A$4:$A$33,0)),""),"")) | BP8: =IF(AND(ISNUMBER(AV8),ISNUMBER(BN8)),(AV8+BN8)/2,"") | BQ8: =IF(AND(ISNUMBER(BF8),ISNUMBER(BO8)),(BF8+BO8)/2,"") | BR8: =IF(AND(ISNUMBER(BP8),ISNUMBER(BQ8)),BQ8-BP8,"") | BS8: =IF(A8="","",TRIM(IF(B8="ID없음","대상자_VO2max 시트에 없는 ID ","")&IF(LEN(A8)<>LEN(TRIM(A8)),"ID 앞뒤 공백 ","")&IF(COUNTIF($A$4:$A$33,A8)>1,"ID 중복 ","")&IF(AND(B8<>"ID없음",OR(B8="",AND(B8<>1,B8<>2))),"집단 코드 확인(대상자 시트) ","")&IF(AND(B8<>"ID없음",OR(C8="",AND(C8<>0,C8<>1))),"분석포함 코드 확인 ","")&IF(AND(COUNT(G8,H8,I8,J8,K8,L8,M8,O8,P8,Q8,S8,T8)>0,COUNT(G8,H8,I8,J8,K8,L8,M8,O8,P8,Q8,S8,T8)<12),"사전 동작점수 일부 빈칸 ","")&IF(AND(COUNT(Y8,Z8,AA8,AB8,AC8,AD8,AE8,AG8,AH8,AI8,AK8,AL8)>0,COUNT(Y8,Z8,AA8,AB8,AC8,AD8,AE8,AG8,AH8,AI8,AK8,AL8)<12),"사후 동작점수 일부 빈칸 ","")&IF(AND(V8<>"",NOT(ISNUMBER(V8))),"사전 SPSS총점 숫자 아님 ","")&IF(AND(AN8<>"",NOT(ISNUMBER(AN8))),"사후 SPSS총점 숫자 아님 ","")&IF(AND(ISNUMBER(AV8),ISNUMBER(V8)),IF(AV8<>V8,"사전: 계산총점≠SPSS총점 ",""),"")&IF(ISNUMBER(BI8),IF(BI8<>INT(BI8),"사전 총점 정수 아님 ",""),"")&IF(ISNUMBER(BI8),IF(OR(BI8<0,BI8>21),"사전 총점 범위(0–21) 밖 ",""),"")&IF(AND(ISNUMBER(BF8),ISNUMBER(AN8)),IF(BF8<>AN8,"사후: 계산총점≠SPSS총점 ",""),"")&IF(ISNUMBER(BJ8),IF(BJ8<>INT(BJ8),"사후 총점 정수 아님 ",""),"")&IF(ISNUMBER(BJ8),IF(OR(BJ8<0,BJ8>21),"사후 총점 범위(0–21) 밖 ",""),"")&IF(C8=1,IF(OR(NOT(ISNUMBER(BI8)),NOT(ISNUMBER(BJ8))),"분석포함인데 FMS 결측 ",""),"")))
B9: =IF($A9="","",IFERROR(IF(INDEX('대상자_VO2max'!$B$4:$B$33,MATCH($A9,'대상자_VO2max'!$A$4:$A$33,0))="","",INDEX('대상자_VO2max'!$B$4:$B$33,MATCH($A9,'대상자_VO2max'!$A$4:$A$33,0))),"ID없음")) | C9: =IF(ISNUMBER(D9),D9,IF($A9="","",IFERROR(IF(INDEX('대상자_VO2max'!$D$4:$D$33,MATCH($A9,'대상자_VO2max'!$A$4:$A$33,0))="","",INDEX('대상자_VO2max'!$D$4:$D$33,MATCH($A9,'대상자_VO2max'!$A$4:$A$33,0))),"ID없음"))) | AO9: =IF(ISNUMBER(G9),G9,"") | AP9: =IF(AND(ISNUMBER(H9),ISNUMBER(I9)),MIN(H9,I9),"") | AQ9: =IF(AND(ISNUMBER(J9),ISNUMBER(K9)),MIN(J9,K9),"") | AR9: =IF(AND(ISNUMBER(L9),ISNUMBER(M9)),IF(N9=1,0,MIN(L9,M9)),"") | AS9: =IF(AND(ISNUMBER(O9),ISNUMBER(P9)),MIN(O9,P9),"") | AT9: =IF(ISNUMBER(Q9),IF(R9=1,0,Q9),"") | AU9: =IF(AND(ISNUMBER(S9),ISNUMBER(T9)),IF(U9=1,0,MIN(S9,T9)),"") | AV9: =IF(COUNT(AO9:AU9)=7,SUM(AO9:AU9),"") | AW9: =IF(ISNUMBER(AV9),--(H9<>I9)+--(J9<>K9)+--(L9<>M9)+--(O9<>P9)+--(S9<>T9),"") | AX9: =IF(ISNUMBER(AV9),COUNT(N9,R9,U9),"") | AY9: =IF(ISNUMBER(Y9),Y9,"") | AZ9: =IF(AND(ISNUMBER(Z9),ISNUMBER(AA9)),MIN(Z9,AA9),"") | BA9: =IF(AND(ISNUMBER(AB9),ISNUMBER(AC9)),MIN(AB9,AC9),"") | BB9: =IF(AND(ISNUMBER(AD9),ISNUMBER(AE9)),IF(AF9=1,0,MIN(AD9,AE9)),"") | BC9: =IF(AND(ISNUMBER(AG9),ISNUMBER(AH9)),MIN(AG9,AH9),"") | BD9: =IF(ISNUMBER(AI9),IF(AJ9=1,0,AI9),"") | BE9: =IF(AND(ISNUMBER(AK9),ISNUMBER(AL9)),IF(AM9=1,0,MIN(AK9,AL9)),"") | BF9: =IF(COUNT(AY9:BE9)=7,SUM(AY9:BE9),"") | BG9: =IF(ISNUMBER(BF9),--(Z9<>AA9)+--(AB9<>AC9)+--(AD9<>AE9)+--(AG9<>AH9)+--(AK9<>AL9),"") | BH9: =IF(ISNUMBER(BF9),COUNT(AF9,AJ9,AM9),"") | BI9: =IF(ISNUMBER(AV9),AV9,IF(ISNUMBER(V9),V9,"")) | BJ9: =IF(ISNUMBER(BF9),BF9,IF(ISNUMBER(AN9),AN9,"")) | BK9: =IF(AND(ISNUMBER(BI9),ISNUMBER(BJ9)),BJ9-BI9,"") | BL9: =IF(ISNUMBER(AV9),"하위항목",IF(ISNUMBER(V9),"SPSS총점","")) | BM9: =IF(ISNUMBER(BF9),"하위항목",IF(ISNUMBER(AN9),"SPSS총점","")) | BN9: =IF($A9="","",IFERROR(IF(ISNUMBER(INDEX('FMS_평가자2'!$AP$4:$AP$33,MATCH($A9,'FMS_평가자2'!$A$4:$A$33,0))),INDEX('FMS_평가자2'!$AP$4:$AP$33,MATCH($A9,'FMS_평가자2'!$A$4:$A$33,0)),""),"")) | BO9: =IF($A9="","",IFERROR(IF(ISNUMBER(INDEX('FMS_평가자2'!$AY$4:$AY$33,MATCH($A9,'FMS_평가자2'!$A$4:$A$33,0))),INDEX('FMS_평가자2'!$AY$4:$AY$33,MATCH($A9,'FMS_평가자2'!$A$4:$A$33,0)),""),"")) | BP9: =IF(AND(ISNUMBER(AV9),ISNUMBER(BN9)),(AV9+BN9)/2,"") | BQ9: =IF(AND(ISNUMBER(BF9),ISNUMBER(BO9)),(BF9+BO9)/2,"") | BR9: =IF(AND(ISNUMBER(BP9),ISNUMBER(BQ9)),BQ9-BP9,"") | BS9: =IF(A9="","",TRIM(IF(B9="ID없음","대상자_VO2max 시트에 없는 ID ","")&IF(LEN(A9)<>LEN(TRIM(A9)),"ID 앞뒤 공백 ","")&IF(COUNTIF($A$4:$A$33,A9)>1,"ID 중복 ","")&IF(AND(B9<>"ID없음",OR(B9="",AND(B9<>1,B9<>2))),"집단 코드 확인(대상자 시트) ","")&IF(AND(B9<>"ID없음",OR(C9="",AND(C9<>0,C9<>1))),"분석포함 코드 확인 ","")&IF(AND(COUNT(G9,H9,I9,J9,K9,L9,M9,O9,P9,Q9,S9,T9)>0,COUNT(G9,H9,I9,J9,K9,L9,M9,O9,P9,Q9,S9,T9)<12),"사전 동작점수 일부 빈칸 ","")&IF(AND(COUNT(Y9,Z9,AA9,AB9,AC9,AD9,AE9,AG9,AH9,AI9,AK9,AL9)>0,COUNT(Y9,Z9,AA9,AB9,AC9,AD9,AE9,AG9,AH9,AI9,AK9,AL9)<12),"사후 동작점수 일부 빈칸 ","")&IF(AND(V9<>"",NOT(ISNUMBER(V9))),"사전 SPSS총점 숫자 아님 ","")&IF(AND(AN9<>"",NOT(ISNUMBER(AN9))),"사후 SPSS총점 숫자 아님 ","")&IF(AND(ISNUMBER(AV9),ISNUMBER(V9)),IF(AV9<>V9,"사전: 계산총점≠SPSS총점 ",""),"")&IF(ISNUMBER(BI9),IF(BI9<>INT(BI9),"사전 총점 정수 아님 ",""),"")&IF(ISNUMBER(BI9),IF(OR(BI9<0,BI9>21),"사전 총점 범위(0–21) 밖 ",""),"")&IF(AND(ISNUMBER(BF9),ISNUMBER(AN9)),IF(BF9<>AN9,"사후: 계산총점≠SPSS총점 ",""),"")&IF(ISNUMBER(BJ9),IF(BJ9<>INT(BJ9),"사후 총점 정수 아님 ",""),"")&IF(ISNUMBER(BJ9),IF(OR(BJ9<0,BJ9>21),"사후 총점 범위(0–21) 밖 ",""),"")&IF(C9=1,IF(OR(NOT(ISNUMBER(BI9)),NOT(ISNUMBER(BJ9))),"분석포함인데 FMS 결측 ",""),"")))
B10: =IF($A10="","",IFERROR(IF(INDEX('대상자_VO2max'!$B$4:$B$33,MATCH($A10,'대상자_VO2max'!$A$4:$A$33,0))="","",INDEX('대상자_VO2max'!$B$4:$B$33,MATCH($A10,'대상자_VO2max'!$A$4:$A$33,0))),"ID없음")) | C10: =IF(ISNUMBER(D10),D10,IF($A10="","",IFERROR(IF(INDEX('대상자_VO2max'!$D$4:$D$33,MATCH($A10,'대상자_VO2max'!$A$4:$A$33,0))="","",INDEX('대상자_VO2max'!$D$4:$D$33,MATCH($A10,'대상자_VO2max'!$A$4:$A$33,0))),"ID없음"))) | AO10: =IF(ISNUMBER(G10),G10,"") | AP10: =IF(AND(ISNUMBER(H10),ISNUMBER(I10)),MIN(H10,I10),"") | AQ10: =IF(AND(ISNUMBER(J10),ISNUMBER(K10)),MIN(J10,K10),"") | AR10: =IF(AND(ISNUMBER(L10),ISNUMBER(M10)),IF(N10=1,0,MIN(L10,M10)),"") | AS10: =IF(AND(ISNUMBER(O10),ISNUMBER(P10)),MIN(O10,P10),"") | AT10: =IF(ISNUMBER(Q10),IF(R10=1,0,Q10),"") | AU10: =IF(AND(ISNUMBER(S10),ISNUMBER(T10)),IF(U10=1,0,MIN(S10,T10)),"") | AV10: =IF(COUNT(AO10:AU10)=7,SUM(AO10:AU10),"") | AW10: =IF(ISNUMBER(AV10),--(H10<>I10)+--(J10<>K10)+--(L10<>M10)+--(O10<>P10)+--(S10<>T10),"") | AX10: =IF(ISNUMBER(AV10),COUNT(N10,R10,U10),"") | AY10: =IF(ISNUMBER(Y10),Y10,"") | AZ10: =IF(AND(ISNUMBER(Z10),ISNUMBER(AA10)),MIN(Z10,AA10),"") | BA10: =IF(AND(ISNUMBER(AB10),ISNUMBER(AC10)),MIN(AB10,AC10),"") | BB10: =IF(AND(ISNUMBER(AD10),ISNUMBER(AE10)),IF(AF10=1,0,MIN(AD10,AE10)),"") | BC10: =IF(AND(ISNUMBER(AG10),ISNUMBER(AH10)),MIN(AG10,AH10),"") | BD10: =IF(ISNUMBER(AI10),IF(AJ10=1,0,AI10),"") | BE10: =IF(AND(ISNUMBER(AK10),ISNUMBER(AL10)),IF(AM10=1,0,MIN(AK10,AL10)),"") | BF10: =IF(COUNT(AY10:BE10)=7,SUM(AY10:BE10),"") | BG10: =IF(ISNUMBER(BF10),--(Z10<>AA10)+--(AB10<>AC10)+--(AD10<>AE10)+--(AG10<>AH10)+--(AK10<>AL10),"") | BH10: =IF(ISNUMBER(BF10),COUNT(AF10,AJ10,AM10),"") | BI10: =IF(ISNUMBER(AV10),AV10,IF(ISNUMBER(V10),V10,"")) | BJ10: =IF(ISNUMBER(BF10),BF10,IF(ISNUMBER(AN10),AN10,"")) | BK10: =IF(AND(ISNUMBER(BI10),ISNUMBER(BJ10)),BJ10-BI10,"") | BL10: =IF(ISNUMBER(AV10),"하위항목",IF(ISNUMBER(V10),"SPSS총점","")) | BM10: =IF(ISNUMBER(BF10),"하위항목",IF(ISNUMBER(AN10),"SPSS총점","")) | BN10: =IF($A10="","",IFERROR(IF(ISNUMBER(INDEX('FMS_평가자2'!$AP$4:$AP$33,MATCH($A10,'FMS_평가자2'!$A$4:$A$33,0))),INDEX('FMS_평가자2'!$AP$4:$AP$33,MATCH($A10,'FMS_평가자2'!$A$4:$A$33,0)),""),"")) | BO10: =IF($A10="","",IFERROR(IF(ISNUMBER(INDEX('FMS_평가자2'!$AY$4:$AY$33,MATCH($A10,'FMS_평가자2'!$A$4:$A$33,0))),INDEX('FMS_평가자2'!$AY$4:$AY$33,MATCH($A10,'FMS_평가자2'!$A$4:$A$33,0)),""),"")) | BP10: =IF(AND(ISNUMBER(AV10),ISNUMBER(BN10)),(AV10+BN10)/2,"") | BQ10: =IF(AND(ISNUMBER(BF10),ISNUMBER(BO10)),(BF10+BO10)/2,"") | BR10: =IF(AND(ISNUMBER(BP10),ISNUMBER(BQ10)),BQ10-BP10,"") | BS10: =IF(A10="","",TRIM(IF(B10="ID없음","대상자_VO2max 시트에 없는 ID ","")&IF(LEN(A10)<>LEN(TRIM(A10)),"ID 앞뒤 공백 ","")&IF(COUNTIF($A$4:$A$33,A10)>1,"ID 중복 ","")&IF(AND(B10<>"ID없음",OR(B10="",AND(B10<>1,B10<>2))),"집단 코드 확인(대상자 시트) ","")&IF(AND(B10<>"ID없음",OR(C10="",AND(C10<>0,C10<>1))),"분석포함 코드 확인 ","")&IF(AND(COUNT(G10,H10,I10,J10,K10,L10,M10,O10,P10,Q10,S10,T10)>0,COUNT(G10,H10,I10,J10,K10,L10,M10,O10,P10,Q10,S10,T10)<12),"사전 동작점수 일부 빈칸 ","")&IF(AND(COUNT(Y10,Z10,AA10,AB10,AC10,AD10,AE10,AG10,AH10,AI10,AK10,AL10)>0,COUNT(Y10,Z10,AA10,AB10,AC10,AD10,AE10,AG10,AH10,AI10,AK10,AL10)<12),"사후 동작점수 일부 빈칸 ","")&IF(AND(V10<>"",NOT(ISNUMBER(V10))),"사전 SPSS총점 숫자 아님 ","")&IF(AND(AN10<>"",NOT(ISNUMBER(AN10))),"사후 SPSS총점 숫자 아님 ","")&IF(AND(ISNUMBER(AV10),ISNUMBER(V10)),IF(AV10<>V10,"사전: 계산총점≠SPSS총점 ",""),"")&IF(ISNUMBER(BI10),IF(BI10<>INT(BI10),"사전 총점 정수 아님 ",""),"")&IF(ISNUMBER(BI10),IF(OR(BI10<0,BI10>21),"사전 총점 범위(0–21) 밖 ",""),"")&IF(AND(ISNUMBER(BF10),ISNUMBER(AN10)),IF(BF10<>AN10,"사후: 계산총점≠SPSS총점 ",""),"")&IF(ISNUMBER(BJ10),IF(BJ10<>INT(BJ10),"사후 총점 정수 아님 ",""),"")&IF(ISNUMBER(BJ10),IF(OR(BJ10<0,BJ10>21),"사후 총점 범위(0–21) 밖 ",""),"")&IF(C10=1,IF(OR(NOT(ISNUMBER(BI10)),NOT(ISNUMBER(BJ10))),"분석포함인데 FMS 결측 ",""),"")))
B11: =IF($A11="","",IFERROR(IF(INDEX('대상자_VO2max'!$B$4:$B$33,MATCH($A11,'대상자_VO2max'!$A$4:$A$33,0))="","",INDEX('대상자_VO2max'!$B$4:$B$33,MATCH($A11,'대상자_VO2max'!$A$4:$A$33,0))),"ID없음")) | C11: =IF(ISNUMBER(D11),D11,IF($A11="","",IFERROR(IF(INDEX('대상자_VO2max'!$D$4:$D$33,MATCH($A11,'대상자_VO2max'!$A$4:$A$33,0))="","",INDEX('대상자_VO2max'!$D$4:$D$33,MATCH($A11,'대상자_VO2max'!$A$4:$A$33,0))),"ID없음"))) | AO11: =IF(ISNUMBER(G11),G11,"") | AP11: =IF(AND(ISNUMBER(H11),ISNUMBER(I11)),MIN(H11,I11),"") | AQ11: =IF(AND(ISNUMBER(J11),ISNUMBER(K11)),MIN(J11,K11),"") | AR11: =IF(AND(ISNUMBER(L11),ISNUMBER(M11)),IF(N11=1,0,MIN(L11,M11)),"") | AS11: =IF(AND(ISNUMBER(O11),ISNUMBER(P11)),MIN(O11,P11),"") | AT11: =IF(ISNUMBER(Q11),IF(R11=1,0,Q11),"") | AU11: =IF(AND(ISNUMBER(S11),ISNUMBER(T11)),IF(U11=1,0,MIN(S11,T11)),"") | AV11: =IF(COUNT(AO11:AU11)=7,SUM(AO11:AU11),"") | AW11: =IF(ISNUMBER(AV11),--(H11<>I11)+--(J11<>K11)+--(L11<>M11)+--(O11<>P11)+--(S11<>T11),"") | AX11: =IF(ISNUMBER(AV11),COUNT(N11,R11,U11),"") | AY11: =IF(ISNUMBER(Y11),Y11,"") | AZ11: =IF(AND(ISNUMBER(Z11),ISNUMBER(AA11)),MIN(Z11,AA11),"") | BA11: =IF(AND(ISNUMBER(AB11),ISNUMBER(AC11)),MIN(AB11,AC11),"") | BB11: =IF(AND(ISNUMBER(AD11),ISNUMBER(AE11)),IF(AF11=1,0,MIN(AD11,AE11)),"") | BC11: =IF(AND(ISNUMBER(AG11),ISNUMBER(AH11)),MIN(AG11,AH11),"") | BD11: =IF(ISNUMBER(AI11),IF(AJ11=1,0,AI11),"") | BE11: =IF(AND(ISNUMBER(AK11),ISNUMBER(AL11)),IF(AM11=1,0,MIN(AK11,AL11)),"") | BF11: =IF(COUNT(AY11:BE11)=7,SUM(AY11:BE11),"") | BG11: =IF(ISNUMBER(BF11),--(Z11<>AA11)+--(AB11<>AC11)+--(AD11<>AE11)+--(AG11<>AH11)+--(AK11<>AL11),"") | BH11: =IF(ISNUMBER(BF11),COUNT(AF11,AJ11,AM11),"") | BI11: =IF(ISNUMBER(AV11),AV11,IF(ISNUMBER(V11),V11,"")) | BJ11: =IF(ISNUMBER(BF11),BF11,IF(ISNUMBER(AN11),AN11,"")) | BK11: =IF(AND(ISNUMBER(BI11),ISNUMBER(BJ11)),BJ11-BI11,"") | BL11: =IF(ISNUMBER(AV11),"하위항목",IF(ISNUMBER(V11),"SPSS총점","")) | BM11: =IF(ISNUMBER(BF11),"하위항목",IF(ISNUMBER(AN11),"SPSS총점","")) | BN11: =IF($A11="","",IFERROR(IF(ISNUMBER(INDEX('FMS_평가자2'!$AP$4:$AP$33,MATCH($A11,'FMS_평가자2'!$A$4:$A$33,0))),INDEX('FMS_평가자2'!$AP$4:$AP$33,MATCH($A11,'FMS_평가자2'!$A$4:$A$33,0)),""),"")) | BO11: =IF($A11="","",IFERROR(IF(ISNUMBER(INDEX('FMS_평가자2'!$AY$4:$AY$33,MATCH($A11,'FMS_평가자2'!$A$4:$A$33,0))),INDEX('FMS_평가자2'!$AY$4:$AY$33,MATCH($A11,'FMS_평가자2'!$A$4:$A$33,0)),""),"")) | BP11: =IF(AND(ISNUMBER(AV11),ISNUMBER(BN11)),(AV11+BN11)/2,"") | BQ11: =IF(AND(ISNUMBER(BF11),ISNUMBER(BO11)),(BF11+BO11)/2,"") | BR11: =IF(AND(ISNUMBER(BP11),ISNUMBER(BQ11)),BQ11-BP11,"") | BS11: =IF(A11="","",TRIM(IF(B11="ID없음","대상자_VO2max 시트에 없는 ID ","")&IF(LEN(A11)<>LEN(TRIM(A11)),"ID 앞뒤 공백 ","")&IF(COUNTIF($A$4:$A$33,A11)>1,"ID 중복 ","")&IF(AND(B11<>"ID없음",OR(B11="",AND(B11<>1,B11<>2))),"집단 코드 확인(대상자 시트) ","")&IF(AND(B11<>"ID없음",OR(C11="",AND(C11<>0,C11<>1))),"분석포함 코드 확인 ","")&IF(AND(COUNT(G11,H11,I11,J11,K11,L11,M11,O11,P11,Q11,S11,T11)>0,COUNT(G11,H11,I11,J11,K11,L11,M11,O11,P11,Q11,S11,T11)<12),"사전 동작점수 일부 빈칸 ","")&IF(AND(COUNT(Y11,Z11,AA11,AB11,AC11,AD11,AE11,AG11,AH11,AI11,AK11,AL11)>0,COUNT(Y11,Z11,AA11,AB11,AC11,AD11,AE11,AG11,AH11,AI11,AK11,AL11)<12),"사후 동작점수 일부 빈칸 ","")&IF(AND(V11<>"",NOT(ISNUMBER(V11))),"사전 SPSS총점 숫자 아님 ","")&IF(AND(AN11<>"",NOT(ISNUMBER(AN11))),"사후 SPSS총점 숫자 아님 ","")&IF(AND(ISNUMBER(AV11),ISNUMBER(V11)),IF(AV11<>V11,"사전: 계산총점≠SPSS총점 ",""),"")&IF(ISNUMBER(BI11),IF(BI11<>INT(BI11),"사전 총점 정수 아님 ",""),"")&IF(ISNUMBER(BI11),IF(OR(BI11<0,BI11>21),"사전 총점 범위(0–21) 밖 ",""),"")&IF(AND(ISNUMBER(BF11),ISNUMBER(AN11)),IF(BF11<>AN11,"사후: 계산총점≠SPSS총점 ",""),"")&IF(ISNUMBER(BJ11),IF(BJ11<>INT(BJ11),"사후 총점 정수 아님 ",""),"")&IF(ISNUMBER(BJ11),IF(OR(BJ11<0,BJ11>21),"사후 총점 범위(0–21) 밖 ",""),"")&IF(C11=1,IF(OR(NOT(ISNUMBER(BI11)),NOT(ISNUMBER(BJ11))),"분석포함인데 FMS 결측 ",""),"")))
B12: =IF($A12="","",IFERROR(IF(INDEX('대상자_VO2max'!$B$4:$B$33,MATCH($A12,'대상자_VO2max'!$A$4:$A$33,0))="","",INDEX('대상자_VO2max'!$B$4:$B$33,MATCH($A12,'대상자_VO2max'!$A$4:$A$33,0))),"ID없음")) | C12: =IF(ISNUMBER(D12),D12,IF($A12="","",IFERROR(IF(INDEX('대상자_VO2max'!$D$4:$D$33,MATCH($A12,'대상자_VO2max'!$A$4:$A$33,0))="","",INDEX('대상자_VO2max'!$D$4:$D$33,MATCH($A12,'대상자_VO2max'!$A$4:$A$33,0))),"ID없음"))) | AO12: =IF(ISNUMBER(G12),G12,"") | AP12: =IF(AND(ISNUMBER(H12),ISNUMBER(I12)),MIN(H12,I12),"") | AQ12: =IF(AND(ISNUMBER(J12),ISNUMBER(K12)),MIN(J12,K12),"") | AR12: =IF(AND(ISNUMBER(L12),ISNUMBER(M12)),IF(N12=1,0,MIN(L12,M12)),"") | AS12: =IF(AND(ISNUMBER(O12),ISNUMBER(P12)),MIN(O12,P12),"") | AT12: =IF(ISNUMBER(Q12),IF(R12=1,0,Q12),"") | AU12: =IF(AND(ISNUMBER(S12),ISNUMBER(T12)),IF(U12=1,0,MIN(S12,T12)),"") | AV12: =IF(COUNT(AO12:AU12)=7,SUM(AO12:AU12),"") | AW12: =IF(ISNUMBER(AV12),--(H12<>I12)+--(J12<>K12)+--(L12<>M12)+--(O12<>P12)+--(S12<>T12),"") | AX12: =IF(ISNUMBER(AV12),COUNT(N12,R12,U12),"") | AY12: =IF(ISNUMBER(Y12),Y12,"") | AZ12: =IF(AND(ISNUMBER(Z12),ISNUMBER(AA12)),MIN(Z12,AA12),"") | BA12: =IF(AND(ISNUMBER(AB12),ISNUMBER(AC12)),MIN(AB12,AC12),"") | BB12: =IF(AND(ISNUMBER(AD12),ISNUMBER(AE12)),IF(AF12=1,0,MIN(AD12,AE12)),"") | BC12: =IF(AND(ISNUMBER(AG12),ISNUMBER(AH12)),MIN(AG12,AH12),"") | BD12: =IF(ISNUMBER(AI12),IF(AJ12=1,0,AI12),"") | BE12: =IF(AND(ISNUMBER(AK12),ISNUMBER(AL12)),IF(AM12=1,0,MIN(AK12,AL12)),"") | BF12: =IF(COUNT(AY12:BE12)=7,SUM(AY12:BE12),"") | BG12: =IF(ISNUMBER(BF12),--(Z12<>AA12)+--(AB12<>AC12)+--(AD12<>AE12)+--(AG12<>AH12)+--(AK12<>AL12),"") | BH12: =IF(ISNUMBER(BF12),COUNT(AF12,AJ12,AM12),"") | BI12: =IF(ISNUMBER(AV12),AV12,IF(ISNUMBER(V12),V12,"")) | BJ12: =IF(ISNUMBER(BF12),BF12,IF(ISNUMBER(AN12),AN12,"")) | BK12: =IF(AND(ISNUMBER(BI12),ISNUMBER(BJ12)),BJ12-BI12,"") | BL12: =IF(ISNUMBER(AV12),"하위항목",IF(ISNUMBER(V12),"SPSS총점","")) | BM12: =IF(ISNUMBER(BF12),"하위항목",IF(ISNUMBER(AN12),"SPSS총점","")) | BN12: =IF($A12="","",IFERROR(IF(ISNUMBER(INDEX('FMS_평가자2'!$AP$4:$AP$33,MATCH($A12,'FMS_평가자2'!$A$4:$A$33,0))),INDEX('FMS_평가자2'!$AP$4:$AP$33,MATCH($A12,'FMS_평가자2'!$A$4:$A$33,0)),""),"")) | BO12: =IF($A12="","",IFERROR(IF(ISNUMBER(INDEX('FMS_평가자2'!$AY$4:$AY$33,MATCH($A12,'FMS_평가자2'!$A$4:$A$33,0))),INDEX('FMS_평가자2'!$AY$4:$AY$33,MATCH($A12,'FMS_평가자2'!$A$4:$A$33,0)),""),"")) | BP12: =IF(AND(ISNUMBER(AV12),ISNUMBER(BN12)),(AV12+BN12)/2,"") | BQ12: =IF(AND(ISNUMBER(BF12),ISNUMBER(BO12)),(BF12+BO12)/2,"") | BR12: =IF(AND(ISNUMBER(BP12),ISNUMBER(BQ12)),BQ12-BP12,"") | BS12: =IF(A12="","",TRIM(IF(B12="ID없음","대상자_VO2max 시트에 없는 ID ","")&IF(LEN(A12)<>LEN(TRIM(A12)),"ID 앞뒤 공백 ","")&IF(COUNTIF($A$4:$A$33,A12)>1,"ID 중복 ","")&IF(AND(B12<>"ID없음",OR(B12="",AND(B12<>1,B12<>2))),"집단 코드 확인(대상자 시트) ","")&IF(AND(B12<>"ID없음",OR(C12="",AND(C12<>0,C12<>1))),"분석포함 코드 확인 ","")&IF(AND(COUNT(G12,H12,I12,J12,K12,L12,M12,O12,P12,Q12,S12,T12)>0,COUNT(G12,H12,I12,J12,K12,L12,M12,O12,P12,Q12,S12,T12)<12),"사전 동작점수 일부 빈칸 ","")&IF(AND(COUNT(Y12,Z12,AA12,AB12,AC12,AD12,AE12,AG12,AH12,AI12,AK12,AL12)>0,COUNT(Y12,Z12,AA12,AB12,AC12,AD12,AE12,AG12,AH12,AI12,AK12,AL12)<12),"사후 동작점수 일부 빈칸 ","")&IF(AND(V12<>"",NOT(ISNUMBER(V12))),"사전 SPSS총점 숫자 아님 ","")&IF(AND(AN12<>"",NOT(ISNUMBER(AN12))),"사후 SPSS총점 숫자 아님 ","")&IF(AND(ISNUMBER(AV12),ISNUMBER(V12)),IF(AV12<>V12,"사전: 계산총점≠SPSS총점 ",""),"")&IF(ISNUMBER(BI12),IF(BI12<>INT(BI12),"사전 총점 정수 아님 ",""),"")&IF(ISNUMBER(BI12),IF(OR(BI12<0,BI12>21),"사전 총점 범위(0–21) 밖 ",""),"")&IF(AND(ISNUMBER(BF12),ISNUMBER(AN12)),IF(BF12<>AN12,"사후: 계산총점≠SPSS총점 ",""),"")&IF(ISNUMBER(BJ12),IF(BJ12<>INT(BJ12),"사후 총점 정수 아님 ",""),"")&IF(ISNUMBER(BJ12),IF(OR(BJ12<0,BJ12>21),"사후 총점 범위(0–21) 밖 ",""),"")&IF(C12=1,IF(OR(NOT(ISNUMBER(BI12)),NOT(ISNUMBER(BJ12))),"분석포함인데 FMS 결측 ",""),"")))
B13: =IF($A13="","",IFERROR(IF(INDEX('대상자_VO2max'!$B$4:$B$33,MATCH($A13,'대상자_VO2max'!$A$4:$A$33,0))="","",INDEX('대상자_VO2max'!$B$4:$B$33,MATCH($A13,'대상자_VO2max'!$A$4:$A$33,0))),"ID없음")) | C13: =IF(ISNUMBER(D13),D13,IF($A13="","",IFERROR(IF(INDEX('대상자_VO2max'!$D$4:$D$33,MATCH($A13,'대상자_VO2max'!$A$4:$A$33,0))="","",INDEX('대상자_VO2max'!$D$4:$D$33,MATCH($A13,'대상자_VO2max'!$A$4:$A$33,0))),"ID없음"))) | AO13: =IF(ISNUMBER(G13),G13,"") | AP13: =IF(AND(ISNUMBER(H13),ISNUMBER(I13)),MIN(H13,I13),"") | AQ13: =IF(AND(ISNUMBER(J13),ISNUMBER(K13)),MIN(J13,K13),"") | AR13: =IF(AND(ISNUMBER(L13),ISNUMBER(M13)),IF(N13=1,0,MIN(L13,M13)),"") | AS13: =IF(AND(ISNUMBER(O13),ISNUMBER(P13)),MIN(O13,P13),"") | AT13: =IF(ISNUMBER(Q13),IF(R13=1,0,Q13),"") | AU13: =IF(AND(ISNUMBER(S13),ISNUMBER(T13)),IF(U13=1,0,MIN(S13,T13)),"") | AV13: =IF(COUNT(AO13:AU13)=7,SUM(AO13:AU13),"") | AW13: =IF(ISNUMBER(AV13),--(H13<>I13)+--(J13<>K13)+--(L13<>M13)+--(O13<>P13)+--(S13<>T13),"") | AX13: =IF(ISNUMBER(AV13),COUNT(N13,R13,U13),"") | AY13: =IF(ISNUMBER(Y13),Y13,"") | AZ13: =IF(AND(ISNUMBER(Z13),ISNUMBER(AA13)),MIN(Z13,AA13),"") | BA13: =IF(AND(ISNUMBER(AB13),ISNUMBER(AC13)),MIN(AB13,AC13),"") | BB13: =IF(AND(ISNUMBER(AD13),ISNUMBER(AE13)),IF(AF13=1,0,MIN(AD13,AE13)),"") | BC13: =IF(AND(ISNUMBER(AG13),ISNUMBER(AH13)),MIN(AG13,AH13),"") | BD13: =IF(ISNUMBER(AI13),IF(AJ13=1,0,AI13),"") | BE13: =IF(AND(ISNUMBER(AK13),ISNUMBER(AL13)),IF(AM13=1,0,MIN(AK13,AL13)),"") | BF13: =IF(COUNT(AY13:BE13)=7,SUM(AY13:BE13),"") | BG13: =IF(ISNUMBER(BF13),--(Z13<>AA13)+--(AB13<>AC13)+--(AD13<>AE13)+--(AG13<>AH13)+--(AK13<>AL13),"") | BH13: =IF(ISNUMBER(BF13),COUNT(AF13,AJ13,AM13),"") | BI13: =IF(ISNUMBER(AV13),AV13,IF(ISNUMBER(V13),V13,"")) | BJ13: =IF(ISNUMBER(BF13),BF13,IF(ISNUMBER(AN13),AN13,"")) | BK13: =IF(AND(ISNUMBER(BI13),ISNUMBER(BJ13)),BJ13-BI13,"") | BL13: =IF(ISNUMBER(AV13),"하위항목",IF(ISNUMBER(V13),"SPSS총점","")) | BM13: =IF(ISNUMBER(BF13),"하위항목",IF(ISNUMBER(AN13),"SPSS총점","")) | BN13: =IF($A13="","",IFERROR(IF(ISNUMBER(INDEX('FMS_평가자2'!$AP$4:$AP$33,MATCH($A13,'FMS_평가자2'!$A$4:$A$33,0))),INDEX('FMS_평가자2'!$AP$4:$AP$33,MATCH($A13,'FMS_평가자2'!$A$4:$A$33,0)),""),"")) | BO13: =IF($A13="","",IFERROR(IF(ISNUMBER(INDEX('FMS_평가자2'!$AY$4:$AY$33,MATCH($A13,'FMS_평가자2'!$A$4:$A$33,0))),INDEX('FMS_평가자2'!$AY$4:$AY$33,MATCH($A13,'FMS_평가자2'!$A$4:$A$33,0)),""),"")) | BP13: =IF(AND(ISNUMBER(AV13),ISNUMBER(BN13)),(AV13+BN13)/2,"") | BQ13: =IF(AND(ISNUMBER(BF13),ISNUMBER(BO13)),(BF13+BO13)/2,"") | BR13: =IF(AND(ISNUMBER(BP13),ISNUMBER(BQ13)),BQ13-BP13,"") | BS13: =IF(A13="","",TRIM(IF(B13="ID없음","대상자_VO2max 시트에 없는 ID ","")&IF(LEN(A13)<>LEN(TRIM(A13)),"ID 앞뒤 공백 ","")&IF(COUNTIF($A$4:$A$33,A13)>1,"ID 중복 ","")&IF(AND(B13<>"ID없음",OR(B13="",AND(B13<>1,B13<>2))),"집단 코드 확인(대상자 시트) ","")&IF(AND(B13<>"ID없음",OR(C13="",AND(C13<>0,C13<>1))),"분석포함 코드 확인 ","")&IF(AND(COUNT(G13,H13,I13,J13,K13,L13,M13,O13,P13,Q13,S13,T13)>0,COUNT(G13,H13,I13,J13,K13,L13,M13,O13,P13,Q13,S13,T13)<12),"사전 동작점수 일부 빈칸 ","")&IF(AND(COUNT(Y13,Z13,AA13,AB13,AC13,AD13,AE13,AG13,AH13,AI13,AK13,AL13)>0,COUNT(Y13,Z13,AA13,AB13,AC13,AD13,AE13,AG13,AH13,AI13,AK13,AL13)<12),"사후 동작점수 일부 빈칸 ","")&IF(AND(V13<>"",NOT(ISNUMBER(V13))),"사전 SPSS총점 숫자 아님 ","")&IF(AND(AN13<>"",NOT(ISNUMBER(AN13))),"사후 SPSS총점 숫자 아님 ","")&IF(AND(ISNUMBER(AV13),ISNUMBER(V13)),IF(AV13<>V13,"사전: 계산총점≠SPSS총점 ",""),"")&IF(ISNUMBER(BI13),IF(BI13<>INT(BI13),"사전 총점 정수 아님 ",""),"")&IF(ISNUMBER(BI13),IF(OR(BI13<0,BI13>21),"사전 총점 범위(0–21) 밖 ",""),"")&IF(AND(ISNUMBER(BF13),ISNUMBER(AN13)),IF(BF13<>AN13,"사후: 계산총점≠SPSS총점 ",""),"")&IF(ISNUMBER(BJ13),IF(BJ13<>INT(BJ13),"사후 총점 정수 아님 ",""),"")&IF(ISNUMBER(BJ13),IF(OR(BJ13<0,BJ13>21),"사후 총점 범위(0–21) 밖 ",""),"")&IF(C13=1,IF(OR(NOT(ISNUMBER(BI13)),NOT(ISNUMBER(BJ13))),"분석포함인데 FMS 결측 ",""),"")))
B14: =IF($A14="","",IFERROR(IF(INDEX('대상자_VO2max'!$B$4:$B$33,MATCH($A14,'대상자_VO2max'!$A$4:$A$33,0))="","",INDEX('대상자_VO2max'!$B$4:$B$33,MATCH($A14,'대상자_VO2max'!$A$4:$A$33,0))),"ID없음")) | C14: =IF(ISNUMBER(D14),D14,IF($A14="","",IFERROR(IF(INDEX('대상자_VO2max'!$D$4:$D$33,MATCH($A14,'대상자_VO2max'!$A$4:$A$33,0))="","",INDEX('대상자_VO2max'!$D$4:$D$33,MATCH($A14,'대상자_VO2max'!$A$4:$A$33,0))),"ID없음"))) | AO14: =IF(ISNUMBER(G14),G14,"") | AP14: =IF(AND(ISNUMBER(H14),ISNUMBER(I14)),MIN(H14,I14),"") | AQ14: =IF(AND(ISNUMBER(J14),ISNUMBER(K14)),MIN(J14,K14),"") | AR14: =IF(AND(ISNUMBER(L14),ISNUMBER(M14)),IF(N14=1,0,MIN(L14,M14)),"") | AS14: =IF(AND(ISNUMBER(O14),ISNUMBER(P14)),MIN(O14,P14),"") | AT14: =IF(ISNUMBER(Q14),IF(R14=1,0,Q14),"") | AU14: =IF(AND(ISNUMBER(S14),ISNUMBER(T14)),IF(U14=1,0,MIN(S14,T14)),"") | AV14: =IF(COUNT(AO14:AU14)=7,SUM(AO14:AU14),"") | AW14: =IF(ISNUMBER(AV14),--(H14<>I14)+--(J14<>K14)+--(L14<>M14)+--(O14<>P14)+--(S14<>T14),"") | AX14: =IF(ISNUMBER(AV14),COUNT(N14,R14,U14),"") | AY14: =IF(ISNUMBER(Y14),Y14,"") | AZ14: =IF(AND(ISNUMBER(Z14),ISNUMBER(AA14)),MIN(Z14,AA14),"") | BA14: =IF(AND(ISNUMBER(AB14),ISNUMBER(AC14)),MIN(AB14,AC14),"") | BB14: =IF(AND(ISNUMBER(AD14),ISNUMBER(AE14)),IF(AF14=1,0,MIN(AD14,AE14)),"") | BC14: =IF(AND(ISNUMBER(AG14),ISNUMBER(AH14)),MIN(AG14,AH14),"") | BD14: =IF(ISNUMBER(AI14),IF(AJ14=1,0,AI14),"") | BE14: =IF(AND(ISNUMBER(AK14),ISNUMBER(AL14)),IF(AM14=1,0,MIN(AK14,AL14)),"") | BF14: =IF(COUNT(AY14:BE14)=7,SUM(AY14:BE14),"") | BG14: =IF(ISNUMBER(BF14),--(Z14<>AA14)+--(AB14<>AC14)+--(AD14<>AE14)+--(AG14<>AH14)+--(AK14<>AL14),"") | BH14: =IF(ISNUMBER(BF14),COUNT(AF14,AJ14,AM14),"") | BI14: =IF(ISNUMBER(AV14),AV14,IF(ISNUMBER(V14),V14,"")) | BJ14: =IF(ISNUMBER(BF14),BF14,IF(ISNUMBER(AN14),AN14,"")) | BK14: =IF(AND(ISNUMBER(BI14),ISNUMBER(BJ14)),BJ14-BI14,"") | BL14: =IF(ISNUMBER(AV14),"하위항목",IF(ISNUMBER(V14),"SPSS총점","")) | BM14: =IF(ISNUMBER(BF14),"하위항목",IF(ISNUMBER(AN14),"SPSS총점","")) | BN14: =IF($A14="","",IFERROR(IF(ISNUMBER(INDEX('FMS_평가자2'!$AP$4:$AP$33,MATCH($A14,'FMS_평가자2'!$A$4:$A$33,0))),INDEX('FMS_평가자2'!$AP$4:$AP$33,MATCH($A14,'FMS_평가자2'!$A$4:$A$33,0)),""),"")) | BO14: =IF($A14="","",IFERROR(IF(ISNUMBER(INDEX('FMS_평가자2'!$AY$4:$AY$33,MATCH($A14,'FMS_평가자2'!$A$4:$A$33,0))),INDEX('FMS_평가자2'!$AY$4:$AY$33,MATCH($A14,'FMS_평가자2'!$A$4:$A$33,0)),""),"")) | BP14: =IF(AND(ISNUMBER(AV14),ISNUMBER(BN14)),(AV14+BN14)/2,"") | BQ14: =IF(AND(ISNUMBER(BF14),ISNUMBER(BO14)),(BF14+BO14)/2,"") | BR14: =IF(AND(ISNUMBER(BP14),ISNUMBER(BQ14)),BQ14-BP14,"") | BS14: =IF(A14="","",TRIM(IF(B14="ID없음","대상자_VO2max 시트에 없는 ID ","")&IF(LEN(A14)<>LEN(TRIM(A14)),"ID 앞뒤 공백 ","")&IF(COUNTIF($A$4:$A$33,A14)>1,"ID 중복 ","")&IF(AND(B14<>"ID없음",OR(B14="",AND(B14<>1,B14<>2))),"집단 코드 확인(대상자 시트) ","")&IF(AND(B14<>"ID없음",OR(C14="",AND(C14<>0,C14<>1))),"분석포함 코드 확인 ","")&IF(AND(COUNT(G14,H14,I14,J14,K14,L14,M14,O14,P14,Q14,S14,T14)>0,COUNT(G14,H14,I14,J14,K14,L14,M14,O14,P14,Q14,S14,T14)<12),"사전 동작점수 일부 빈칸 ","")&IF(AND(COUNT(Y14,Z14,AA14,AB14,AC14,AD14,AE14,AG14,AH14,AI14,AK14,AL14)>0,COUNT(Y14,Z14,AA14,AB14,AC14,AD14,AE14,AG14,AH14,AI14,AK14,AL14)<12),"사후 동작점수 일부 빈칸 ","")&IF(AND(V14<>"",NOT(ISNUMBER(V14))),"사전 SPSS총점 숫자 아님 ","")&IF(AND(AN14<>"",NOT(ISNUMBER(AN14))),"사후 SPSS총점 숫자 아님 ","")&IF(AND(ISNUMBER(AV14),ISNUMBER(V14)),IF(AV14<>V14,"사전: 계산총점≠SPSS총점 ",""),"")&IF(ISNUMBER(BI14),IF(BI14<>INT(BI14),"사전 총점 정수 아님 ",""),"")&IF(ISNUMBER(BI14),IF(OR(BI14<0,BI14>21),"사전 총점 범위(0–21) 밖 ",""),"")&IF(AND(ISNUMBER(BF14),ISNUMBER(AN14)),IF(BF14<>AN14,"사후: 계산총점≠SPSS총점 ",""),"")&IF(ISNUMBER(BJ14),IF(BJ14<>INT(BJ14),"사후 총점 정수 아님 ",""),"")&IF(ISNUMBER(BJ14),IF(OR(BJ14<0,BJ14>21),"사후 총점 범위(0–21) 밖 ",""),"")&IF(C14=1,IF(OR(NOT(ISNUMBER(BI14)),NOT(ISNUMBER(BJ14))),"분석포함인데 FMS 결측 ",""),"")))
B15: =IF($A15="","",IFERROR(IF(INDEX('대상자_VO2max'!$B$4:$B$33,MATCH($A15,'대상자_VO2max'!$A$4:$A$33,0))="","",INDEX('대상자_VO2max'!$B$4:$B$33,MATCH($A15,'대상자_VO2max'!$A$4:$A$33,0))),"ID없음")) | C15: =IF(ISNUMBER(D15),D15,IF($A15="","",IFERROR(IF(INDEX('대상자_VO2max'!$D$4:$D$33,MATCH($A15,'대상자_VO2max'!$A$4:$A$33,0))="","",INDEX('대상자_VO2max'!$D$4:$D$33,MATCH($A15,'대상자_VO2max'!$A$4:$A$33,0))),"ID없음"))) | AO15: =IF(ISNUMBER(G15),G15,"") | AP15: =IF(AND(ISNUMBER(H15),ISNUMBER(I15)),MIN(H15,I15),"") | AQ15: =IF(AND(ISNUMBER(J15),ISNUMBER(K15)),MIN(J15,K15),"") | AR15: =IF(AND(ISNUMBER(L15),ISNUMBER(M15)),IF(N15=1,0,MIN(L15,M15)),"") | AS15: =IF(AND(ISNUMBER(O15),ISNUMBER(P15)),MIN(O15,P15),"") | AT15: =IF(ISNUMBER(Q15),IF(R15=1,0,Q15),"") | AU15: =IF(AND(ISNUMBER(S15),ISNUMBER(T15)),IF(U15=1,0,MIN(S15,T15)),"") | AV15: =IF(COUNT(AO15:AU15)=7,SUM(AO15:AU15),"") | AW15: =IF(ISNUMBER(AV15),--(H15<>I15)+--(J15<>K15)+--(L15<>M15)+--(O15<>P15)+--(S15<>T15),"") | AX15: =IF(ISNUMBER(AV15),COUNT(N15,R15,U15),"") | AY15: =IF(ISNUMBER(Y15),Y15,"") | AZ15: =IF(AND(ISNUMBER(Z15),ISNUMBER(AA15)),MIN(Z15,AA15),"") | BA15: =IF(AND(ISNUMBER(AB15),ISNUMBER(AC15)),MIN(AB15,AC15),"") | BB15: =IF(AND(ISNUMBER(AD15),ISNUMBER(AE15)),IF(AF15=1,0,MIN(AD15,AE15)),"") | BC15: =IF(AND(ISNUMBER(AG15),ISNUMBER(AH15)),MIN(AG15,AH15),"") | BD15: =IF(ISNUMBER(AI15),IF(AJ15=1,0,AI15),"") | BE15: =IF(AND(ISNUMBER(AK15),ISNUMBER(AL15)),IF(AM15=1,0,MIN(AK15,AL15)),"") | BF15: =IF(COUNT(AY15:BE15)=7,SUM(AY15:BE15),"") | BG15: =IF(ISNUMBER(BF15),--(Z15<>AA15)+--(AB15<>AC15)+--(AD15<>AE15)+--(AG15<>AH15)+--(AK15<>AL15),"") | BH15: =IF(ISNUMBER(BF15),COUNT(AF15,AJ15,AM15),"") | BI15: =IF(ISNUMBER(AV15),AV15,IF(ISNUMBER(V15),V15,"")) | BJ15: =IF(ISNUMBER(BF15),BF15,IF(ISNUMBER(AN15),AN15,"")) | BK15: =IF(AND(ISNUMBER(BI15),ISNUMBER(BJ15)),BJ15-BI15,"") | BL15: =IF(ISNUMBER(AV15),"하위항목",IF(ISNUMBER(V15),"SPSS총점","")) | BM15: =IF(ISNUMBER(BF15),"하위항목",IF(ISNUMBER(AN15),"SPSS총점","")) | BN15: =IF($A15="","",IFERROR(IF(ISNUMBER(INDEX('FMS_평가자2'!$AP$4:$AP$33,MATCH($A15,'FMS_평가자2'!$A$4:$A$33,0))),INDEX('FMS_평가자2'!$AP$4:$AP$33,MATCH($A15,'FMS_평가자2'!$A$4:$A$33,0)),""),"")) | BO15: =IF($A15="","",IFERROR(IF(ISNUMBER(INDEX('FMS_평가자2'!$AY$4:$AY$33,MATCH($A15,'FMS_평가자2'!$A$4:$A$33,0))),INDEX('FMS_평가자2'!$AY$4:$AY$33,MATCH($A15,'FMS_평가자2'!$A$4:$A$33,0)),""),"")) | BP15: =IF(AND(ISNUMBER(AV15),ISNUMBER(BN15)),(AV15+BN15)/2,"") | BQ15: =IF(AND(ISNUMBER(BF15),ISNUMBER(BO15)),(BF15+BO15)/2,"") | BR15: =IF(AND(ISNUMBER(BP15),ISNUMBER(BQ15)),BQ15-BP15,"") | BS15: =IF(A15="","",TRIM(IF(B15="ID없음","대상자_VO2max 시트에 없는 ID ","")&IF(LEN(A15)<>LEN(TRIM(A15)),"ID 앞뒤 공백 ","")&IF(COUNTIF($A$4:$A$33,A15)>1,"ID 중복 ","")&IF(AND(B15<>"ID없음",OR(B15="",AND(B15<>1,B15<>2))),"집단 코드 확인(대상자 시트) ","")&IF(AND(B15<>"ID없음",OR(C15="",AND(C15<>0,C15<>1))),"분석포함 코드 확인 ","")&IF(AND(COUNT(G15,H15,I15,J15,K15,L15,M15,O15,P15,Q15,S15,T15)>0,COUNT(G15,H15,I15,J15,K15,L15,M15,O15,P15,Q15,S15,T15)<12),"사전 동작점수 일부 빈칸 ","")&IF(AND(COUNT(Y15,Z15,AA15,AB15,AC15,AD15,AE15,AG15,AH15,AI15,AK15,AL15)>0,COUNT(Y15,Z15,AA15,AB15,AC15,AD15,AE15,AG15,AH15,AI15,AK15,AL15)<12),"사후 동작점수 일부 빈칸 ","")&IF(AND(V15<>"",NOT(ISNUMBER(V15))),"사전 SPSS총점 숫자 아님 ","")&IF(AND(AN15<>"",NOT(ISNUMBER(AN15))),"사후 SPSS총점 숫자 아님 ","")&IF(AND(ISNUMBER(AV15),ISNUMBER(V15)),IF(AV15<>V15,"사전: 계산총점≠SPSS총점 ",""),"")&IF(ISNUMBER(BI15),IF(BI15<>INT(BI15),"사전 총점 정수 아님 ",""),"")&IF(ISNUMBER(BI15),IF(OR(BI15<0,BI15>21),"사전 총점 범위(0–21) 밖 ",""),"")&IF(AND(ISNUMBER(BF15),ISNUMBER(AN15)),IF(BF15<>AN15,"사후: 계산총점≠SPSS총점 ",""),"")&IF(ISNUMBER(BJ15),IF(BJ15<>INT(BJ15),"사후 총점 정수 아님 ",""),"")&IF(ISNUMBER(BJ15),IF(OR(BJ15<0,BJ15>21),"사후 총점 범위(0–21) 밖 ",""),"")&IF(C15=1,IF(OR(NOT(ISNUMBER(BI15)),NOT(ISNUMBER(BJ15))),"분석포함인데 FMS 결측 ",""),"")))
... B33: =IF($A33="","",IFERROR(IF(INDEX('대상자_VO2max'!$B$4:$B$33,MATCH($A33,'대상자_VO2max'!$A$4:$A$33,0))="","",INDEX('대상자_VO2max'!$B$4:$B$33,MATCH($A33,'대상자_VO2max'!$A$4:$A$33,0))),"ID없음")) | C33: =IF(ISNUMBER(D33),D33,IF($A33="","",IFERROR(IF(INDEX('대상자_VO2max'!$D$4:$D$33,MATCH($A33,'대상자_VO2max'!$A$4:$A$33,0))="","",INDEX('대상자_VO2max'!$D$4:$D$33,MATCH($A33,'대상자_VO2max'!$A$4:$A$33,0))),"ID없음"))) | AO33: =IF(ISNUMBER(G33),G33,"") | AP33: =IF(AND(ISNUMBER(H33),ISNUMBER(I33)),MIN(H33,I33),"") | AQ33: =IF(AND(ISNUMBER(J33),ISNUMBER(K33)),MIN(J33,K33),"") | AR33: =IF(AND(ISNUMBER(L33),ISNUMBER(M33)),IF(N33=1,0,MIN(L33,M33)),"") | AS33: =IF(AND(ISNUMBER(O33),ISNUMBER(P33)),MIN(O33,P33),"") | AT33: =IF(ISNUMBER(Q33),IF(R33=1,0,Q33),"") | AU33: =IF(AND(ISNUMBER(S33),ISNUMBER(T33)),IF(U33=1,0,MIN(S33,T33)),"") | AV33: =IF(COUNT(AO33:AU33)=7,SUM(AO33:AU33),"") | AW33: =IF(ISNUMBER(AV33),--(H33<>I33)+--(J33<>K33)+--(L33<>M33)+--(O33<>P33)+--(S33<>T33),"") | AX33: =IF(ISNUMBER(AV33),COUNT(N33,R33,U33),"") | AY33: =IF(ISNUMBER(Y33),Y33,"") | AZ33: =IF(AND(ISNUMBER(Z33),ISNUMBER(AA33)),MIN(Z33,AA33),"") | BA33: =IF(AND(ISNUMBER(AB33),ISNUMBER(AC33)),MIN(AB33,AC33),"") | BB33: =IF(AND(ISNUMBER(AD33),ISNUMBER(AE33)),IF(AF33=1,0,MIN(AD33,AE33)),"") | BC33: =IF(AND(ISNUMBER(AG33),ISNUMBER(AH33)),MIN(AG33,AH33),"") | BD33: =IF(ISNUMBER(AI33),IF(AJ33=1,0,AI33),"") | BE33: =IF(AND(ISNUMBER(AK33),ISNUMBER(AL33)),IF(AM33=1,0,MIN(AK33,AL33)),"") | BF33: =IF(COUNT(AY33:BE33)=7,SUM(AY33:BE33),"") | BG33: =IF(ISNUMBER(BF33),--(Z33<>AA33)+--(AB33<>AC33)+--(AD33<>AE33)+--(AG33<>AH33)+--(AK33<>AL33),"") | BH33: =IF(ISNUMBER(BF33),COUNT(AF33,AJ33,AM33),"") | BI33: =IF(ISNUMBER(AV33),AV33,IF(ISNUMBER(V33),V33,"")) | BJ33: =IF(ISNUMBER(BF33),BF33,IF(ISNUMBER(AN33),AN33,"")) | BK33: =IF(AND(ISNUMBER(BI33),ISNUMBER(BJ33)),BJ33-BI33,"") | BL33: =IF(ISNUMBER(AV33),"하위항목",IF(ISNUMBER(V33),"SPSS총점","")) | BM33: =IF(ISNUMBER(BF33),"하위항목",IF(ISNUMBER(AN33),"SPSS총점","")) | BN33: =IF($A33="","",IFERROR(IF(ISNUMBER(INDEX('FMS_평가자2'!$AP$4:$AP$33,MATCH($A33,'FMS_평가자2'!$A$4:$A$33,0))),INDEX('FMS_평가자2'!$AP$4:$AP$33,MATCH($A33,'FMS_평가자2'!$A$4:$A$33,0)),""),"")) | BO33: =IF($A33="","",IFERROR(IF(ISNUMBER(INDEX('FMS_평가자2'!$AY$4:$AY$33,MATCH($A33,'FMS_평가자2'!$A$4:$A$33,0))),INDEX('FMS_평가자2'!$AY$4:$AY$33,MATCH($A33,'FMS_평가자2'!$A$4:$A$33,0)),""),"")) | BP33: =IF(AND(ISNUMBER(AV33),ISNUMBER(BN33)),(AV33+BN33)/2,"") | BQ33: =IF(AND(ISNUMBER(BF33),ISNUMBER(BO33)),(BF33+BO33)/2,"") | BR33: =IF(AND(ISNUMBER(BP33),ISNUMBER(BQ33)),BQ33-BP33,"") | BS33: =IF(A33="","",TRIM(IF(B33="ID없음","대상자_VO2max 시트에 없는 ID ","")&IF(LEN(A33)<>LEN(TRIM(A33)),"ID 앞뒤 공백 ","")&IF(COUNTIF($A$4:$A$33,A33)>1,"ID 중복 ","")&IF(AND(B33<>"ID없음",OR(B33="",AND(B33<>1,B33<>2))),"집단 코드 확인(대상자 시트) ","")&IF(AND(B33<>"ID없음",OR(C33="",AND(C33<>0,C33<>1))),"분석포함 코드 확인 ","")&IF(AND(COUNT(G33,H33,I33,J33,K33,L33,M33,O33,P33,Q33,S33,T33)>0,COUNT(G33,H33,I33,J33,K33,L33,M33,O33,P33,Q33,S33,T33)<12),"사전 동작점수 일부 빈칸 ","")&IF(AND(COUNT(Y33,Z33,AA33,AB33,AC33,AD33,AE33,AG33,AH33,AI33,AK33,AL33)>0,COUNT(Y33,Z33,AA33,AB33,AC33,AD33,AE33,AG33,AH33,AI33,AK33,AL33)<12),"사후 동작점수 일부 빈칸 ","")&IF(AND(V33<>"",NOT(ISNUMBER(V33))),"사전 SPSS총점 숫자 아님 ","")&IF(AND(AN33<>"",NOT(ISNUMBER(AN33))),"사후 SPSS총점 숫자 아님 ","")&IF(AND(ISNUMBER(AV33),ISNUMBER(V33)),IF(AV33<>V33,"사전: 계산총점≠SPSS총점 ",""),"")&IF(ISNUMBER(BI33),IF(BI33<>INT(BI33),"사전 총점 정수 아님 ",""),"")&IF(ISNUMBER(BI33),IF(OR(BI33<0,BI33>21),"사전 총점 범위(0–21) 밖 ",""),"")&IF(AND(ISNUMBER(BF33),ISNUMBER(AN33)),IF(BF33<>AN33,"사후: 계산총점≠SPSS총점 ",""),"")&IF(ISNUMBER(BJ33),IF(BJ33<>INT(BJ33),"사후 총점 정수 아님 ",""),"")&IF(ISNUMBER(BJ33),IF(OR(BJ33<0,BJ33>21),"사후 총점 범위(0–21) 밖 ",""),"")&IF(C33=1,IF(OR(NOT(ISNUMBER(BI33)),NOT(ISNUMBER(BJ33))),"분석포함인데 FMS 결측 ",""),"")))

Sheet FMS_평가자2
A1: ID | B1: group | C1: rater_pre | D1: DS_pre | E1: HS_L_pre | F1: HS_R_pre | G1: ILL_L_pre | H1: ILL_R_pre | I1: SM_L_pre | J1: SM_R_pre | K1: SM_clr_pre | L1: ASLR_L_pre | M1: ASLR_R_pre | N1: TSPU_pre | O1: TSPU_clr_pre | P1: RS_L_pre | Q1: RS_R_pre | R1: RS_clr_pre | S1: rater_post | T1: DS_post | U1: HS_L_post | V1: HS_R_post | W1: ILL_L_post | X1: ILL_R_post | Y1: SM_L_post | Z1: SM_R_post | AA1: SM_clr_post | AB1: ASLR_L_post | AC1: ASLR_R_post | AD1: TSPU_post | AE1: TSPU_clr_post | AF1: RS_L_post | AG1: RS_R_post | AH1: RS_clr_post | AI1: DSs_pre | AJ1: HSs_pre | AK1: ILLs_pre | AL1: SMs_pre | AM1: ASLRs_pre | AN1: TSPUs_pre | AO1: RSs_pre | AP1: fms_calc_pre | AQ1: asym_pre | AR1: DSs_post | AS1: HSs_post | AT1: ILLs_post | AU1: SMs_post | AV1: ASLRs_post | AW1: TSPUs_post | AX1: RSs_post | AY1: fms_calc_post | AZ1: asym_post | BA1: chk_fms2
A2: 대상자 ID (직접 입력) | B2: 집단 (자동) | C2: 사전 평가자 (코드) | D2: 사전 DS (0–3) | E2: 사전 HS 좌 (0–3) | F2: 사전 HS 우 (0–3) | G2: 사전 ILL 좌 (0–3) | H2: 사전 ILL 우 (0–3) | I2: 사전 SM 좌 (0–3) | J2: 사전 SM 우 (0–3) | K2: 사전 SM clearing 통증 1/0 (좌·우 중 하나라도) | L2: 사전 ASLR 좌 (0–3) | M2: 사전 ASLR 우 (0–3) | N2: 사전 TSPU (0–3) | O2: 사전 TSPU clearing 통증 1/0 | P2: 사전 RS 좌 (0–3) | Q2: 사전 RS 우 (0–3) | R2: 사전 RS clearing 통증 1/0 | S2: 사후 평가자 (코드) | T2: 사후 DS (0–3) | U2: 사후 HS 좌 (0–3) | V2: 사후 HS 우 (0–3) | W2: 사후 ILL 좌 (0–3) | X2: 사후 ILL 우 (0–3) | Y2: 사후 SM 좌 (0–3) | Z2: 사후 SM 우 (0–3) | AA2: 사후 SM clearing 통증 1/0 (좌·우 중 하나라도) | AB2: 사후 ASLR 좌 (0–3) | AC2: 사후 ASLR 우 (0–3) | AD2: 사후 TSPU (0–3) | AE2: 사후 TSPU clearing 통증 1/0 | AF2: 사후 RS 좌 (0–3) | AG2: 사후 RS 우 (0–3) | AH2: 사후 RS clearing 통증 1/0 | AI2: 사전 DS 점수 (자동) | AJ2: 사전 HS 점수 (자동) | AK2: 사전 ILL 점수 (자동) | AL2: 사전 SM 점수 (자동) | AM2: 사전 ASLR 점수 (자동) | AN2: 사전 TSPU 점수 (자동) | AO2: 사전 RS 점수 (자동) | AP2: 사전 하위항목 합 (자동) | AQ2: 사전 좌우 비대칭 항목 수 (자동) | AR2: 사후 DS 점수 (자동) | AS2: 사후 HS 점수 (자동) | AT2: 사후 ILL 점수 (자동) | AU2: 사후 SM 점수 (자동) | AV2: 사후 ASLR 점수 (자동) | AW2: 사후 TSPU 점수 (자동) | AX2: 사후 RS 점수 (자동) | AY2: 사후 하위항목 합 (자동) | AZ2: 사후 좌우 비대칭 항목 수 (자동) | BA2: 자동 점검 (경고가 있으면 주황색)
A3: 예시 | B3: 1 | C3: R2 | D3: 2 | E3: 2 | F3: 2 | G3: 2 | H3: 2 | I3: 3 | J3: 2 | K3: 0 | L3: 2 | M3: 2 | N3: 2 | O3: 0 | P3: 2 | Q3: 2 | R3: 0 | S3: R2 | T3: 2 | U3: 2 | V3: 3 | W3: 3 | X3: 3 | Y3: 3 | Z3: 2 | AA3: 0 | AB3: 3 | AC3: 2 | AD3: 2 | AE3: 0 | AF3: 2 | AG3: 2 | AH3: 0 | AI3: =IF(ISNUMBER(D3),D3,"") | AJ3: =IF(AND(ISNUMBER(E3),ISNUMBER(F3)),MIN(E3,F3),"") | AK3: =IF(AND(ISNUMBER(G3),ISNUMBER(H3)),MIN(G3,H3),"") | AL3: =IF(AND(ISNUMBER(I3),ISNUMBER(J3)),IF(K3=1,0,MIN(I3,J3)),"") | AM3: =IF(AND(ISNUMBER(L3),ISNUMBER(M3)),MIN(L3,M3),"") | AN3: =IF(ISNUMBER(N3),IF(O3=1,0,N3),"") | AO3: =IF(AND(ISNUMBER(P3),ISNUMBER(Q3)),IF(R3=1,0,MIN(P3,Q3)),"") | AP3: =IF(COUNT(AI3:AO3)=7,SUM(AI3:AO3),"") | AQ3: =IF(ISNUMBER(AP3),--(E3<>F3)+--(G3<>H3)+--(I3<>J3)+--(L3<>M3)+--(P3<>Q3),"") | AR3: =IF(ISNUMBER(T3),T3,"") | AS3: =IF(AND(ISNUMBER(U3),ISNUMBER(V3)),MIN(U3,V3),"") | AT3: =IF(AND(ISNUMBER(W3),ISNUMBER(X3)),MIN(W3,X3),"") | AU3: =IF(AND(ISNUMBER(Y3),ISNUMBER(Z3)),IF(AA3=1,0,MIN(Y3,Z3)),"") | AV3: =IF(AND(ISNUMBER(AB3),ISNUMBER(AC3)),MIN(AB3,AC3),"") | AW3: =IF(ISNUMBER(AD3),IF(AE3=1,0,AD3),"") | AX3: =IF(AND(ISNUMBER(AF3),ISNUMBER(AG3)),IF(AH3=1,0,MIN(AF3,AG3)),"") | AY3: =IF(COUNT(AR3:AX3)=7,SUM(AR3:AX3),"") | AZ3: =IF(ISNUMBER(AY3),--(U3<>V3)+--(W3<>X3)+--(Y3<>Z3)+--(AB3<>AC3)+--(AF3<>AG3),"")
B4: =IF($A4="","",IFERROR(IF(INDEX('대상자_VO2max'!$B$4:$B$33,MATCH($A4,'대상자_VO2max'!$A$4:$A$33,0))="","",INDEX('대상자_VO2max'!$B$4:$B$33,MATCH($A4,'대상자_VO2max'!$A$4:$A$33,0))),"ID없음")) | AI4: =IF(ISNUMBER(D4),D4,"") | AJ4: =IF(AND(ISNUMBER(E4),ISNUMBER(F4)),MIN(E4,F4),"") | AK4: =IF(AND(ISNUMBER(G4),ISNUMBER(H4)),MIN(G4,H4),"") | AL4: =IF(AND(ISNUMBER(I4),ISNUMBER(J4)),IF(K4=1,0,MIN(I4,J4)),"") | AM4: =IF(AND(ISNUMBER(L4),ISNUMBER(M4)),MIN(L4,M4),"") | AN4: =IF(ISNUMBER(N4),IF(O4=1,0,N4),"") | AO4: =IF(AND(ISNUMBER(P4),ISNUMBER(Q4)),IF(R4=1,0,MIN(P4,Q4)),"") | AP4: =IF(COUNT(AI4:AO4)=7,SUM(AI4:AO4),"") | AQ4: =IF(ISNUMBER(AP4),--(E4<>F4)+--(G4<>H4)+--(I4<>J4)+--(L4<>M4)+--(P4<>Q4),"") | AR4: =IF(ISNUMBER(T4),T4,"") | AS4: =IF(AND(ISNUMBER(U4),ISNUMBER(V4)),MIN(U4,V4),"") | AT4: =IF(AND(ISNUMBER(W4),ISNUMBER(X4)),MIN(W4,X4),"") | AU4: =IF(AND(ISNUMBER(Y4),ISNUMBER(Z4)),IF(AA4=1,0,MIN(Y4,Z4)),"") | AV4: =IF(AND(ISNUMBER(AB4),ISNUMBER(AC4)),MIN(AB4,AC4),"") | AW4: =IF(ISNUMBER(AD4),IF(AE4=1,0,AD4),"") | AX4: =IF(AND(ISNUMBER(AF4),ISNUMBER(AG4)),IF(AH4=1,0,MIN(AF4,AG4)),"") | AY4: =IF(COUNT(AR4:AX4)=7,SUM(AR4:AX4),"") | AZ4: =IF(ISNUMBER(AY4),--(U4<>V4)+--(W4<>X4)+--(Y4<>Z4)+--(AB4<>AC4)+--(AF4<>AG4),"") | BA4: =IF(A4="","",TRIM(IF(B4="ID없음","대상자_VO2max 시트에 없는 ID ","")&IF(LEN(A4)<>LEN(TRIM(A4)),"ID 앞뒤 공백 ","")&IF(COUNTIF($A$4:$A$33,A4)>1,"ID 중복 ","")&IF(COUNTIF('FMS'!$A$4:$A$33,A4)=0,"FMS(평가자1) 시트에 없는 ID ","")&IF(AND(COUNT(D4,E4,F4,G4,H4,I4,J4,L4,M4,N4,P4,Q4)>0,COUNT(D4,E4,F4,G4,H4,I4,J4,L4,M4,N4,P4,Q4)<12),"사전 동작점수 일부 빈칸 ","")&IF(AND(COUNT(T4,U4,V4,W4,X4,Y4,Z4,AB4,AC4,AD4,AF4,AG4)>0,COUNT(T4,U4,V4,W4,X4,Y4,Z4,AB4,AC4,AD4,AF4,AG4)<12),"사후 동작점수 일부 빈칸 ","")))
B5: =IF($A5="","",IFERROR(IF(INDEX('대상자_VO2max'!$B$4:$B$33,MATCH($A5,'대상자_VO2max'!$A$4:$A$33,0))="","",INDEX('대상자_VO2max'!$B$4:$B$33,MATCH($A5,'대상자_VO2max'!$A$4:$A$33,0))),"ID없음")) | AI5: =IF(ISNUMBER(D5),D5,"") | AJ5: =IF(AND(ISNUMBER(E5),ISNUMBER(F5)),MIN(E5,F5),"") | AK5: =IF(AND(ISNUMBER(G5),ISNUMBER(H5)),MIN(G5,H5),"") | AL5: =IF(AND(ISNUMBER(I5),ISNUMBER(J5)),IF(K5=1,0,MIN(I5,J5)),"") | AM5: =IF(AND(ISNUMBER(L5),ISNUMBER(M5)),MIN(L5,M5),"") | AN5: =IF(ISNUMBER(N5),IF(O5=1,0,N5),"") | AO5: =IF(AND(ISNUMBER(P5),ISNUMBER(Q5)),IF(R5=1,0,MIN(P5,Q5)),"") | AP5: =IF(COUNT(AI5:AO5)=7,SUM(AI5:AO5),"") | AQ5: =IF(ISNUMBER(AP5),--(E5<>F5)+--(G5<>H5)+--(I5<>J5)+--(L5<>M5)+--(P5<>Q5),"") | AR5: =IF(ISNUMBER(T5),T5,"") | AS5: =IF(AND(ISNUMBER(U5),ISNUMBER(V5)),MIN(U5,V5),"") | AT5: =IF(AND(ISNUMBER(W5),ISNUMBER(X5)),MIN(W5,X5),"") | AU5: =IF(AND(ISNUMBER(Y5),ISNUMBER(Z5)),IF(AA5=1,0,MIN(Y5,Z5)),"") | AV5: =IF(AND(ISNUMBER(AB5),ISNUMBER(AC5)),MIN(AB5,AC5),"") | AW5: =IF(ISNUMBER(AD5),IF(AE5=1,0,AD5),"") | AX5: =IF(AND(ISNUMBER(AF5),ISNUMBER(AG5)),IF(AH5=1,0,MIN(AF5,AG5)),"") | AY5: =IF(COUNT(AR5:AX5)=7,SUM(AR5:AX5),"") | AZ5: =IF(ISNUMBER(AY5),--(U5<>V5)+--(W5<>X5)+--(Y5<>Z5)+--(AB5<>AC5)+--(AF5<>AG5),"") | BA5: =IF(A5="","",TRIM(IF(B5="ID없음","대상자_VO2max 시트에 없는 ID ","")&IF(LEN(A5)<>LEN(TRIM(A5)),"ID 앞뒤 공백 ","")&IF(COUNTIF($A$4:$A$33,A5)>1,"ID 중복 ","")&IF(COUNTIF('FMS'!$A$4:$A$33,A5)=0,"FMS(평가자1) 시트에 없는 ID ","")&IF(AND(COUNT(D5,E5,F5,G5,H5,I5,J5,L5,M5,N5,P5,Q5)>0,COUNT(D5,E5,F5,G5,H5,I5,J5,L5,M5,N5,P5,Q5)<12),"사전 동작점수 일부 빈칸 ","")&IF(AND(COUNT(T5,U5,V5,W5,X5,Y5,Z5,AB5,AC5,AD5,AF5,AG5)>0,COUNT(T5,U5,V5,W5,X5,Y5,Z5,AB5,AC5,AD5,AF5,AG5)<12),"사후 동작점수 일부 빈칸 ","")))
B6: =IF($A6="","",IFERROR(IF(INDEX('대상자_VO2max'!$B$4:$B$33,MATCH($A6,'대상자_VO2max'!$A$4:$A$33,0))="","",INDEX('대상자_VO2max'!$B$4:$B$33,MATCH($A6,'대상자_VO2max'!$A$4:$A$33,0))),"ID없음")) | AI6: =IF(ISNUMBER(D6),D6,"") | AJ6: =IF(AND(ISNUMBER(E6),ISNUMBER(F6)),MIN(E6,F6),"") | AK6: =IF(AND(ISNUMBER(G6),ISNUMBER(H6)),MIN(G6,H6),"") | AL6: =IF(AND(ISNUMBER(I6),ISNUMBER(J6)),IF(K6=1,0,MIN(I6,J6)),"") | AM6: =IF(AND(ISNUMBER(L6),ISNUMBER(M6)),MIN(L6,M6),"") | AN6: =IF(ISNUMBER(N6),IF(O6=1,0,N6),"") | AO6: =IF(AND(ISNUMBER(P6),ISNUMBER(Q6)),IF(R6=1,0,MIN(P6,Q6)),"") | AP6: =IF(COUNT(AI6:AO6)=7,SUM(AI6:AO6),"") | AQ6: =IF(ISNUMBER(AP6),--(E6<>F6)+--(G6<>H6)+--(I6<>J6)+--(L6<>M6)+--(P6<>Q6),"") | AR6: =IF(ISNUMBER(T6),T6,"") | AS6: =IF(AND(ISNUMBER(U6),ISNUMBER(V6)),MIN(U6,V6),"") | AT6: =IF(AND(ISNUMBER(W6),ISNUMBER(X6)),MIN(W6,X6),"") | AU6: =IF(AND(ISNUMBER(Y6),ISNUMBER(Z6)),IF(AA6=1,0,MIN(Y6,Z6)),"") | AV6: =IF(AND(ISNUMBER(AB6),ISNUMBER(AC6)),MIN(AB6,AC6),"") | AW6: =IF(ISNUMBER(AD6),IF(AE6=1,0,AD6),"") | AX6: =IF(AND(ISNUMBER(AF6),ISNUMBER(AG6)),IF(AH6=1,0,MIN(AF6,AG6)),"") | AY6: =IF(COUNT(AR6:AX6)=7,SUM(AR6:AX6),"") | AZ6: =IF(ISNUMBER(AY6),--(U6<>V6)+--(W6<>X6)+--(Y6<>Z6)+--(AB6<>AC6)+--(AF6<>AG6),"") | BA6: =IF(A6="","",TRIM(IF(B6="ID없음","대상자_VO2max 시트에 없는 ID ","")&IF(LEN(A6)<>LEN(TRIM(A6)),"ID 앞뒤 공백 ","")&IF(COUNTIF($A$4:$A$33,A6)>1,"ID 중복 ","")&IF(COUNTIF('FMS'!$A$4:$A$33,A6)=0,"FMS(평가자1) 시트에 없는 ID ","")&IF(AND(COUNT(D6,E6,F6,G6,H6,I6,J6,L6,M6,N6,P6,Q6)>0,COUNT(D6,E6,F6,G6,H6,I6,J6,L6,M6,N6,P6,Q6)<12),"사전 동작점수 일부 빈칸 ","")&IF(AND(COUNT(T6,U6,V6,W6,X6,Y6,Z6,AB6,AC6,AD6,AF6,AG6)>0,COUNT(T6,U6,V6,W6,X6,Y6,Z6,AB6,AC6,AD6,AF6,AG6)<12),"사후 동작점수 일부 빈칸 ","")))
B7: =IF($A7="","",IFERROR(IF(INDEX('대상자_VO2max'!$B$4:$B$33,MATCH($A7,'대상자_VO2max'!$A$4:$A$33,0))="","",INDEX('대상자_VO2max'!$B$4:$B$33,MATCH($A7,'대상자_VO2max'!$A$4:$A$33,0))),"ID없음")) | AI7: =IF(ISNUMBER(D7),D7,"") | AJ7: =IF(AND(ISNUMBER(E7),ISNUMBER(F7)),MIN(E7,F7),"") | AK7: =IF(AND(ISNUMBER(G7),ISNUMBER(H7)),MIN(G7,H7),"") | AL7: =IF(AND(ISNUMBER(I7),ISNUMBER(J7)),IF(K7=1,0,MIN(I7,J7)),"") | AM7: =IF(AND(ISNUMBER(L7),ISNUMBER(M7)),MIN(L7,M7),"") | AN7: =IF(ISNUMBER(N7),IF(O7=1,0,N7),"") | AO7: =IF(AND(ISNUMBER(P7),ISNUMBER(Q7)),IF(R7=1,0,MIN(P7,Q7)),"") | AP7: =IF(COUNT(AI7:AO7)=7,SUM(AI7:AO7),"") | AQ7: =IF(ISNUMBER(AP7),--(E7<>F7)+--(G7<>H7)+--(I7<>J7)+--(L7<>M7)+--(P7<>Q7),"") | AR7: =IF(ISNUMBER(T7),T7,"") | AS7: =IF(AND(ISNUMBER(U7),ISNUMBER(V7)),MIN(U7,V7),"") | AT7: =IF(AND(ISNUMBER(W7),ISNUMBER(X7)),MIN(W7,X7),"") | AU7: =IF(AND(ISNUMBER(Y7),ISNUMBER(Z7)),IF(AA7=1,0,MIN(Y7,Z7)),"") | AV7: =IF(AND(ISNUMBER(AB7),ISNUMBER(AC7)),MIN(AB7,AC7),"") | AW7: =IF(ISNUMBER(AD7),IF(AE7=1,0,AD7),"") | AX7: =IF(AND(ISNUMBER(AF7),ISNUMBER(AG7)),IF(AH7=1,0,MIN(AF7,AG7)),"") | AY7: =IF(COUNT(AR7:AX7)=7,SUM(AR7:AX7),"") | AZ7: =IF(ISNUMBER(AY7),--(U7<>V7)+--(W7<>X7)+--(Y7<>Z7)+--(AB7<>AC7)+--(AF7<>AG7),"") | BA7: =IF(A7="","",TRIM(IF(B7="ID없음","대상자_VO2max 시트에 없는 ID ","")&IF(LEN(A7)<>LEN(TRIM(A7)),"ID 앞뒤 공백 ","")&IF(COUNTIF($A$4:$A$33,A7)>1,"ID 중복 ","")&IF(COUNTIF('FMS'!$A$4:$A$33,A7)=0,"FMS(평가자1) 시트에 없는 ID ","")&IF(AND(COUNT(D7,E7,F7,G7,H7,I7,J7,L7,M7,N7,P7,Q7)>0,COUNT(D7,E7,F7,G7,H7,I7,J7,L7,M7,N7,P7,Q7)<12),"사전 동작점수 일부 빈칸 ","")&IF(AND(COUNT(T7,U7,V7,W7,X7,Y7,Z7,AB7,AC7,AD7,AF7,AG7)>0,COUNT(T7,U7,V7,W7,X7,Y7,Z7,AB7,AC7,AD7,AF7,AG7)<12),"사후 동작점수 일부 빈칸 ","")))
B8: =IF($A8="","",IFERROR(IF(INDEX('대상자_VO2max'!$B$4:$B$33,MATCH($A8,'대상자_VO2max'!$A$4:$A$33,0))="","",INDEX('대상자_VO2max'!$B$4:$B$33,MATCH($A8,'대상자_VO2max'!$A$4:$A$33,0))),"ID없음")) | AI8: =IF(ISNUMBER(D8),D8,"") | AJ8: =IF(AND(ISNUMBER(E8),ISNUMBER(F8)),MIN(E8,F8),"") | AK8: =IF(AND(ISNUMBER(G8),ISNUMBER(H8)),MIN(G8,H8),"") | AL8: =IF(AND(ISNUMBER(I8),ISNUMBER(J8)),IF(K8=1,0,MIN(I8,J8)),"") | AM8: =IF(AND(ISNUMBER(L8),ISNUMBER(M8)),MIN(L8,M8),"") | AN8: =IF(ISNUMBER(N8),IF(O8=1,0,N8),"") | AO8: =IF(AND(ISNUMBER(P8),ISNUMBER(Q8)),IF(R8=1,0,MIN(P8,Q8)),"") | AP8: =IF(COUNT(AI8:AO8)=7,SUM(AI8:AO8),"") | AQ8: =IF(ISNUMBER(AP8),--(E8<>F8)+--(G8<>H8)+--(I8<>J8)+--(L8<>M8)+--(P8<>Q8),"") | AR8: =IF(ISNUMBER(T8),T8,"") | AS8: =IF(AND(ISNUMBER(U8),ISNUMBER(V8)),MIN(U8,V8),"") | AT8: =IF(AND(ISNUMBER(W8),ISNUMBER(X8)),MIN(W8,X8),"") | AU8: =IF(AND(ISNUMBER(Y8),ISNUMBER(Z8)),IF(AA8=1,0,MIN(Y8,Z8)),"") | AV8: =IF(AND(ISNUMBER(AB8),ISNUMBER(AC8)),MIN(AB8,AC8),"") | AW8: =IF(ISNUMBER(AD8),IF(AE8=1,0,AD8),"") | AX8: =IF(AND(ISNUMBER(AF8),ISNUMBER(AG8)),IF(AH8=1,0,MIN(AF8,AG8)),"") | AY8: =IF(COUNT(AR8:AX8)=7,SUM(AR8:AX8),"") | AZ8: =IF(ISNUMBER(AY8),--(U8<>V8)+--(W8<>X8)+--(Y8<>Z8)+--(AB8<>AC8)+--(AF8<>AG8),"") | BA8: =IF(A8="","",TRIM(IF(B8="ID없음","대상자_VO2max 시트에 없는 ID ","")&IF(LEN(A8)<>LEN(TRIM(A8)),"ID 앞뒤 공백 ","")&IF(COUNTIF($A$4:$A$33,A8)>1,"ID 중복 ","")&IF(COUNTIF('FMS'!$A$4:$A$33,A8)=0,"FMS(평가자1) 시트에 없는 ID ","")&IF(AND(COUNT(D8,E8,F8,G8,H8,I8,J8,L8,M8,N8,P8,Q8)>0,COUNT(D8,E8,F8,G8,H8,I8,J8,L8,M8,N8,P8,Q8)<12),"사전 동작점수 일부 빈칸 ","")&IF(AND(COUNT(T8,U8,V8,W8,X8,Y8,Z8,AB8,AC8,AD8,AF8,AG8)>0,COUNT(T8,U8,V8,W8,X8,Y8,Z8,AB8,AC8,AD8,AF8,AG8)<12),"사후 동작점수 일부 빈칸 ","")))
B9: =IF($A9="","",IFERROR(IF(INDEX('대상자_VO2max'!$B$4:$B$33,MATCH($A9,'대상자_VO2max'!$A$4:$A$33,0))="","",INDEX('대상자_VO2max'!$B$4:$B$33,MATCH($A9,'대상자_VO2max'!$A$4:$A$33,0))),"ID없음")) | AI9: =IF(ISNUMBER(D9),D9,"") | AJ9: =IF(AND(ISNUMBER(E9),ISNUMBER(F9)),MIN(E9,F9),"") | AK9: =IF(AND(ISNUMBER(G9),ISNUMBER(H9)),MIN(G9,H9),"") | AL9: =IF(AND(ISNUMBER(I9),ISNUMBER(J9)),IF(K9=1,0,MIN(I9,J9)),"") | AM9: =IF(AND(ISNUMBER(L9),ISNUMBER(M9)),MIN(L9,M9),"") | AN9: =IF(ISNUMBER(N9),IF(O9=1,0,N9),"") | AO9: =IF(AND(ISNUMBER(P9),ISNUMBER(Q9)),IF(R9=1,0,MIN(P9,Q9)),"") | AP9: =IF(COUNT(AI9:AO9)=7,SUM(AI9:AO9),"") | AQ9: =IF(ISNUMBER(AP9),--(E9<>F9)+--(G9<>H9)+--(I9<>J9)+--(L9<>M9)+--(P9<>Q9),"") | AR9: =IF(ISNUMBER(T9),T9,"") | AS9: =IF(AND(ISNUMBER(U9),ISNUMBER(V9)),MIN(U9,V9),"") | AT9: =IF(AND(ISNUMBER(W9),ISNUMBER(X9)),MIN(W9,X9),"") | AU9: =IF(AND(ISNUMBER(Y9),ISNUMBER(Z9)),IF(AA9=1,0,MIN(Y9,Z9)),"") | AV9: =IF(AND(ISNUMBER(AB9),ISNUMBER(AC9)),MIN(AB9,AC9),"") | AW9: =IF(ISNUMBER(AD9),IF(AE9=1,0,AD9),"") | AX9: =IF(AND(ISNUMBER(AF9),ISNUMBER(AG9)),IF(AH9=1,0,MIN(AF9,AG9)),"") | AY9: =IF(COUNT(AR9:AX9)=7,SUM(AR9:AX9),"") | AZ9: =IF(ISNUMBER(AY9),--(U9<>V9)+--(W9<>X9)+--(Y9<>Z9)+--(AB9<>AC9)+--(AF9<>AG9),"") | BA9: =IF(A9="","",TRIM(IF(B9="ID없음","대상자_VO2max 시트에 없는 ID ","")&IF(LEN(A9)<>LEN(TRIM(A9)),"ID 앞뒤 공백 ","")&IF(COUNTIF($A$4:$A$33,A9)>1,"ID 중복 ","")&IF(COUNTIF('FMS'!$A$4:$A$33,A9)=0,"FMS(평가자1) 시트에 없는 ID ","")&IF(AND(COUNT(D9,E9,F9,G9,H9,I9,J9,L9,M9,N9,P9,Q9)>0,COUNT(D9,E9,F9,G9,H9,I9,J9,L9,M9,N9,P9,Q9)<12),"사전 동작점수 일부 빈칸 ","")&IF(AND(COUNT(T9,U9,V9,W9,X9,Y9,Z9,AB9,AC9,AD9,AF9,AG9)>0,COUNT(T9,U9,V9,W9,X9,Y9,Z9,AB9,AC9,AD9,AF9,AG9)<12),"사후 동작점수 일부 빈칸 ","")))
B10: =IF($A10="","",IFERROR(IF(INDEX('대상자_VO2max'!$B$4:$B$33,MATCH($A10,'대상자_VO2max'!$A$4:$A$33,0))="","",INDEX('대상자_VO2max'!$B$4:$B$33,MATCH($A10,'대상자_VO2max'!$A$4:$A$33,0))),"ID없음")) | AI10: =IF(ISNUMBER(D10),D10,"") | AJ10: =IF(AND(ISNUMBER(E10),ISNUMBER(F10)),MIN(E10,F10),"") | AK10: =IF(AND(ISNUMBER(G10),ISNUMBER(H10)),MIN(G10,H10),"") | AL10: =IF(AND(ISNUMBER(I10),ISNUMBER(J10)),IF(K10=1,0,MIN(I10,J10)),"") | AM10: =IF(AND(ISNUMBER(L10),ISNUMBER(M10)),MIN(L10,M10),"") | AN10: =IF(ISNUMBER(N10),IF(O10=1,0,N10),"") | AO10: =IF(AND(ISNUMBER(P10),ISNUMBER(Q10)),IF(R10=1,0,MIN(P10,Q10)),"") | AP10: =IF(COUNT(AI10:AO10)=7,SUM(AI10:AO10),"") | AQ10: =IF(ISNUMBER(AP10),--(E10<>F10)+--(G10<>H10)+--(I10<>J10)+--(L10<>M10)+--(P10<>Q10),"") | AR10: =IF(ISNUMBER(T10),T10,"") | AS10: =IF(AND(ISNUMBER(U10),ISNUMBER(V10)),MIN(U10,V10),"") | AT10: =IF(AND(ISNUMBER(W10),ISNUMBER(X10)),MIN(W10,X10),"") | AU10: =IF(AND(ISNUMBER(Y10),ISNUMBER(Z10)),IF(AA10=1,0,MIN(Y10,Z10)),"") | AV10: =IF(AND(ISNUMBER(AB10),ISNUMBER(AC10)),MIN(AB10,AC10),"") | AW10: =IF(ISNUMBER(AD10),IF(AE10=1,0,AD10),"") | AX10: =IF(AND(ISNUMBER(AF10),ISNUMBER(AG10)),IF(AH10=1,0,MIN(AF10,AG10)),"") | AY10: =IF(COUNT(AR10:AX10)=7,SUM(AR10:AX10),"") | AZ10: =IF(ISNUMBER(AY10),--(U10<>V10)+--(W10<>X10)+--(Y10<>Z10)+--(AB10<>AC10)+--(AF10<>AG10),"") | BA10: =IF(A10="","",TRIM(IF(B10="ID없음","대상자_VO2max 시트에 없는 ID ","")&IF(LEN(A10)<>LEN(TRIM(A10)),"ID 앞뒤 공백 ","")&IF(COUNTIF($A$4:$A$33,A10)>1,"ID 중복 ","")&IF(COUNTIF('FMS'!$A$4:$A$33,A10)=0,"FMS(평가자1) 시트에 없는 ID ","")&IF(AND(COUNT(D10,E10,F10,G10,H10,I10,J10,L10,M10,N10,P10,Q10)>0,COUNT(D10,E10,F10,G10,H10,I10,J10,L10,M10,N10,P10,Q10)<12),"사전 동작점수 일부 빈칸 ","")&IF(AND(COUNT(T10,U10,V10,W10,X10,Y10,Z10,AB10,AC10,AD10,AF10,AG10)>0,COUNT(T10,U10,V10,W10,X10,Y10,Z10,AB10,AC10,AD10,AF10,AG10)<12),"사후 동작점수 일부 빈칸 ","")))
B11: =IF($A11="","",IFERROR(IF(INDEX('대상자_VO2max'!$B$4:$B$33,MATCH($A11,'대상자_VO2max'!$A$4:$A$33,0))="","",INDEX('대상자_VO2max'!$B$4:$B$33,MATCH($A11,'대상자_VO2max'!$A$4:$A$33,0))),"ID없음")) | AI11: =IF(ISNUMBER(D11),D11,"") | AJ11: =IF(AND(ISNUMBER(E11),ISNUMBER(F11)),MIN(E11,F11),"") | AK11: =IF(AND(ISNUMBER(G11),ISNUMBER(H11)),MIN(G11,H11),"") | AL11: =IF(AND(ISNUMBER(I11),ISNUMBER(J11)),IF(K11=1,0,MIN(I11,J11)),"") | AM11: =IF(AND(ISNUMBER(L11),ISNUMBER(M11)),MIN(L11,M11),"") | AN11: =IF(ISNUMBER(N11),IF(O11=1,0,N11),"") | AO11: =IF(AND(ISNUMBER(P11),ISNUMBER(Q11)),IF(R11=1,0,MIN(P11,Q11)),"") | AP11: =IF(COUNT(AI11:AO11)=7,SUM(AI11:AO11),"") | AQ11: =IF(ISNUMBER(AP11),--(E11<>F11)+--(G11<>H11)+--(I11<>J11)+--(L11<>M11)+--(P11<>Q11),"") | AR11: =IF(ISNUMBER(T11),T11,"") | AS11: =IF(AND(ISNUMBER(U11),ISNUMBER(V11)),MIN(U11,V11),"") | AT11: =IF(AND(ISNUMBER(W11),ISNUMBER(X11)),MIN(W11,X11),"") | AU11: =IF(AND(ISNUMBER(Y11),ISNUMBER(Z11)),IF(AA11=1,0,MIN(Y11,Z11)),"") | AV11: =IF(AND(ISNUMBER(AB11),ISNUMBER(AC11)),MIN(AB11,AC11),"") | AW11: =IF(ISNUMBER(AD11),IF(AE11=1,0,AD11),"") | AX11: =IF(AND(ISNUMBER(AF11),ISNUMBER(AG11)),IF(AH11=1,0,MIN(AF11,AG11)),"") | AY11: =IF(COUNT(AR11:AX11)=7,SUM(AR11:AX11),"") | AZ11: =IF(ISNUMBER(AY11),--(U11<>V11)+--(W11<>X11)+--(Y11<>Z11)+--(AB11<>AC11)+--(AF11<>AG11),"") | BA11: =IF(A11="","",TRIM(IF(B11="ID없음","대상자_VO2max 시트에 없는 ID ","")&IF(LEN(A11)<>LEN(TRIM(A11)),"ID 앞뒤 공백 ","")&IF(COUNTIF($A$4:$A$33,A11)>1,"ID 중복 ","")&IF(COUNTIF('FMS'!$A$4:$A$33,A11)=0,"FMS(평가자1) 시트에 없는 ID ","")&IF(AND(COUNT(D11,E11,F11,G11,H11,I11,J11,L11,M11,N11,P11,Q11)>0,COUNT(D11,E11,F11,G11,H11,I11,J11,L11,M11,N11,P11,Q11)<12),"사전 동작점수 일부 빈칸 ","")&IF(AND(COUNT(T11,U11,V11,W11,X11,Y11,Z11,AB11,AC11,AD11,AF11,AG11)>0,COUNT(T11,U11,V11,W11,X11,Y11,Z11,AB11,AC11,AD11,AF11,AG11)<12),"사후 동작점수 일부 빈칸 ","")))
B12: =IF($A12="","",IFERROR(IF(INDEX('대상자_VO2max'!$B$4:$B$33,MATCH($A12,'대상자_VO2max'!$A$4:$A$33,0))="","",INDEX('대상자_VO2max'!$B$4:$B$33,MATCH($A12,'대상자_VO2max'!$A$4:$A$33,0))),"ID없음")) | AI12: =IF(ISNUMBER(D12),D12,"") | AJ12: =IF(AND(ISNUMBER(E12),ISNUMBER(F12)),MIN(E12,F12),"") | AK12: =IF(AND(ISNUMBER(G12),ISNUMBER(H12)),MIN(G12,H12),"") | AL12: =IF(AND(ISNUMBER(I12),ISNUMBER(J12)),IF(K12=1,0,MIN(I12,J12)),"") | AM12: =IF(AND(ISNUMBER(L12),ISNUMBER(M12)),MIN(L12,M12),"") | AN12: =IF(ISNUMBER(N12),IF(O12=1,0,N12),"") | AO12: =IF(AND(ISNUMBER(P12),ISNUMBER(Q12)),IF(R12=1,0,MIN(P12,Q12)),"") | AP12: =IF(COUNT(AI12:AO12)=7,SUM(AI12:AO12),"") | AQ12: =IF(ISNUMBER(AP12),--(E12<>F12)+--(G12<>H12)+--(I12<>J12)+--(L12<>M12)+--(P12<>Q12),"") | AR12: =IF(ISNUMBER(T12),T12,"") | AS12: =IF(AND(ISNUMBER(U12),ISNUMBER(V12)),MIN(U12,V12),"") | AT12: =IF(AND(ISNUMBER(W12),ISNUMBER(X12)),MIN(W12,X12),"") | AU12: =IF(AND(ISNUMBER(Y12),ISNUMBER(Z12)),IF(AA12=1,0,MIN(Y12,Z12)),"") | AV12: =IF(AND(ISNUMBER(AB12),ISNUMBER(AC12)),MIN(AB12,AC12),"") | AW12: =IF(ISNUMBER(AD12),IF(AE12=1,0,AD12),"") | AX12: =IF(AND(ISNUMBER(AF12),ISNUMBER(AG12)),IF(AH12=1,0,MIN(AF12,AG12)),"") | AY12: =IF(COUNT(AR12:AX12)=7,SUM(AR12:AX12),"") | AZ12: =IF(ISNUMBER(AY12),--(U12<>V12)+--(W12<>X12)+--(Y12<>Z12)+--(AB12<>AC12)+--(AF12<>AG12),"") | BA12: =IF(A12="","",TRIM(IF(B12="ID없음","대상자_VO2max 시트에 없는 ID ","")&IF(LEN(A12)<>LEN(TRIM(A12)),"ID 앞뒤 공백 ","")&IF(COUNTIF($A$4:$A$33,A12)>1,"ID 중복 ","")&IF(COUNTIF('FMS'!$A$4:$A$33,A12)=0,"FMS(평가자1) 시트에 없는 ID ","")&IF(AND(COUNT(D12,E12,F12,G12,H12,I12,J12,L12,M12,N12,P12,Q12)>0,COUNT(D12,E12,F12,G12,H12,I12,J12,L12,M12,N12,P12,Q12)<12),"사전 동작점수 일부 빈칸 ","")&IF(AND(COUNT(T12,U12,V12,W12,X12,Y12,Z12,AB12,AC12,AD12,AF12,AG12)>0,COUNT(T12,U12,V12,W12,X12,Y12,Z12,AB12,AC12,AD12,AF12,AG12)<12),"사후 동작점수 일부 빈칸 ","")))
B13: =IF($A13="","",IFERROR(IF(INDEX('대상자_VO2max'!$B$4:$B$33,MATCH($A13,'대상자_VO2max'!$A$4:$A$33,0))="","",INDEX('대상자_VO2max'!$B$4:$B$33,MATCH($A13,'대상자_VO2max'!$A$4:$A$33,0))),"ID없음")) | AI13: =IF(ISNUMBER(D13),D13,"") | AJ13: =IF(AND(ISNUMBER(E13),ISNUMBER(F13)),MIN(E13,F13),"") | AK13: =IF(AND(ISNUMBER(G13),ISNUMBER(H13)),MIN(G13,H13),"") | AL13: =IF(AND(ISNUMBER(I13),ISNUMBER(J13)),IF(K13=1,0,MIN(I13,J13)),"") | AM13: =IF(AND(ISNUMBER(L13),ISNUMBER(M13)),MIN(L13,M13),"") | AN13: =IF(ISNUMBER(N13),IF(O13=1,0,N13),"") | AO13: =IF(AND(ISNUMBER(P13),ISNUMBER(Q13)),IF(R13=1,0,MIN(P13,Q13)),"") | AP13: =IF(COUNT(AI13:AO13)=7,SUM(AI13:AO13),"") | AQ13: =IF(ISNUMBER(AP13),--(E13<>F13)+--(G13<>H13)+--(I13<>J13)+--(L13<>M13)+--(P13<>Q13),"") | AR13: =IF(ISNUMBER(T13),T13,"") | AS13: =IF(AND(ISNUMBER(U13),ISNUMBER(V13)),MIN(U13,V13),"") | AT13: =IF(AND(ISNUMBER(W13),ISNUMBER(X13)),MIN(W13,X13),"") | AU13: =IF(AND(ISNUMBER(Y13),ISNUMBER(Z13)),IF(AA13=1,0,MIN(Y13,Z13)),"") | AV13: =IF(AND(ISNUMBER(AB13),ISNUMBER(AC13)),MIN(AB13,AC13),"") | AW13: =IF(ISNUMBER(AD13),IF(AE13=1,0,AD13),"") | AX13: =IF(AND(ISNUMBER(AF13),ISNUMBER(AG13)),IF(AH13=1,0,MIN(AF13,AG13)),"") | AY13: =IF(COUNT(AR13:AX13)=7,SUM(AR13:AX13),"") | AZ13: =IF(ISNUMBER(AY13),--(U13<>V13)+--(W13<>X13)+--(Y13<>Z13)+--(AB13<>AC13)+--(AF13<>AG13),"") | BA13: =IF(A13="","",TRIM(IF(B13="ID없음","대상자_VO2max 시트에 없는 ID ","")&IF(LEN(A13)<>LEN(TRIM(A13)),"ID 앞뒤 공백 ","")&IF(COUNTIF($A$4:$A$33,A13)>1,"ID 중복 ","")&IF(COUNTIF('FMS'!$A$4:$A$33,A13)=0,"FMS(평가자1) 시트에 없는 ID ","")&IF(AND(COUNT(D13,E13,F13,G13,H13,I13,J13,L13,M13,N13,P13,Q13)>0,COUNT(D13,E13,F13,G13,H13,I13,J13,L13,M13,N13,P13,Q13)<12),"사전 동작점수 일부 빈칸 ","")&IF(AND(COUNT(T13,U13,V13,W13,X13,Y13,Z13,AB13,AC13,AD13,AF13,AG13)>0,COUNT(T13,U13,V13,W13,X13,Y13,Z13,AB13,AC13,AD13,AF13,AG13)<12),"사후 동작점수 일부 빈칸 ","")))
B14: =IF($A14="","",IFERROR(IF(INDEX('대상자_VO2max'!$B$4:$B$33,MATCH($A14,'대상자_VO2max'!$A$4:$A$33,0))="","",INDEX('대상자_VO2max'!$B$4:$B$33,MATCH($A14,'대상자_VO2max'!$A$4:$A$33,0))),"ID없음")) | AI14: =IF(ISNUMBER(D14),D14,"") | AJ14: =IF(AND(ISNUMBER(E14),ISNUMBER(F14)),MIN(E14,F14),"") | AK14: =IF(AND(ISNUMBER(G14),ISNUMBER(H14)),MIN(G14,H14),"") | AL14: =IF(AND(ISNUMBER(I14),ISNUMBER(J14)),IF(K14=1,0,MIN(I14,J14)),"") | AM14: =IF(AND(ISNUMBER(L14),ISNUMBER(M14)),MIN(L14,M14),"") | AN14: =IF(ISNUMBER(N14),IF(O14=1,0,N14),"") | AO14: =IF(AND(ISNUMBER(P14),ISNUMBER(Q14)),IF(R14=1,0,MIN(P14,Q14)),"") | AP14: =IF(COUNT(AI14:AO14)=7,SUM(AI14:AO14),"") | AQ14: =IF(ISNUMBER(AP14),--(E14<>F14)+--(G14<>H14)+--(I14<>J14)+--(L14<>M14)+--(P14<>Q14),"") | AR14: =IF(ISNUMBER(T14),T14,"") | AS14: =IF(AND(ISNUMBER(U14),ISNUMBER(V14)),MIN(U14,V14),"") | AT14: =IF(AND(ISNUMBER(W14),ISNUMBER(X14)),MIN(W14,X14),"") | AU14: =IF(AND(ISNUMBER(Y14),ISNUMBER(Z14)),IF(AA14=1,0,MIN(Y14,Z14)),"") | AV14: =IF(AND(ISNUMBER(AB14),ISNUMBER(AC14)),MIN(AB14,AC14),"") | AW14: =IF(ISNUMBER(AD14),IF(AE14=1,0,AD14),"") | AX14: =IF(AND(ISNUMBER(AF14),ISNUMBER(AG14)),IF(AH14=1,0,MIN(AF14,AG14)),"") | AY14: =IF(COUNT(AR14:AX14)=7,SUM(AR14:AX14),"") | AZ14: =IF(ISNUMBER(AY14),--(U14<>V14)+--(W14<>X14)+--(Y14<>Z14)+--(AB14<>AC14)+--(AF14<>AG14),"") | BA14: =IF(A14="","",TRIM(IF(B14="ID없음","대상자_VO2max 시트에 없는 ID ","")&IF(LEN(A14)<>LEN(TRIM(A14)),"ID 앞뒤 공백 ","")&IF(COUNTIF($A$4:$A$33,A14)>1,"ID 중복 ","")&IF(COUNTIF('FMS'!$A$4:$A$33,A14)=0,"FMS(평가자1) 시트에 없는 ID ","")&IF(AND(COUNT(D14,E14,F14,G14,H14,I14,J14,L14,M14,N14,P14,Q14)>0,COUNT(D14,E14,F14,G14,H14,I14,J14,L14,M14,N14,P14,Q14)<12),"사전 동작점수 일부 빈칸 ","")&IF(AND(COUNT(T14,U14,V14,W14,X14,Y14,Z14,AB14,AC14,AD14,AF14,AG14)>0,COUNT(T14,U14,V14,W14,X14,Y14,Z14,AB14,AC14,AD14,AF14,AG14)<12),"사후 동작점수 일부 빈칸 ","")))
B15: =IF($A15="","",IFERROR(IF(INDEX('대상자_VO2max'!$B$4:$B$33,MATCH($A15,'대상자_VO2max'!$A$4:$A$33,0))="","",INDEX('대상자_VO2max'!$B$4:$B$33,MATCH($A15,'대상자_VO2max'!$A$4:$A$33,0))),"ID없음")) | AI15: =IF(ISNUMBER(D15),D15,"") | AJ15: =IF(AND(ISNUMBER(E15),ISNUMBER(F15)),MIN(E15,F15),"") | AK15: =IF(AND(ISNUMBER(G15),ISNUMBER(H15)),MIN(G15,H15),"") | AL15: =IF(AND(ISNUMBER(I15),ISNUMBER(J15)),IF(K15=1,0,MIN(I15,J15)),"") | AM15: =IF(AND(ISNUMBER(L15),ISNUMBER(M15)),MIN(L15,M15),"") | AN15: =IF(ISNUMBER(N15),IF(O15=1,0,N15),"") | AO15: =IF(AND(ISNUMBER(P15),ISNUMBER(Q15)),IF(R15=1,0,MIN(P15,Q15)),"") | AP15: =IF(COUNT(AI15:AO15)=7,SUM(AI15:AO15),"") | AQ15: =IF(ISNUMBER(AP15),--(E15<>F15)+--(G15<>H15)+--(I15<>J15)+--(L15<>M15)+--(P15<>Q15),"") | AR15: =IF(ISNUMBER(T15),T15,"") | AS15: =IF(AND(ISNUMBER(U15),ISNUMBER(V15)),MIN(U15,V15),"") | AT15: =IF(AND(ISNUMBER(W15),ISNUMBER(X15)),MIN(W15,X15),"") | AU15: =IF(AND(ISNUMBER(Y15),ISNUMBER(Z15)),IF(AA15=1,0,MIN(Y15,Z15)),"") | AV15: =IF(AND(ISNUMBER(AB15),ISNUMBER(AC15)),MIN(AB15,AC15),"") | AW15: =IF(ISNUMBER(AD15),IF(AE15=1,0,AD15),"") | AX15: =IF(AND(ISNUMBER(AF15),ISNUMBER(AG15)),IF(AH15=1,0,MIN(AF15,AG15)),"") | AY15: =IF(COUNT(AR15:AX15)=7,SUM(AR15:AX15),"") | AZ15: =IF(ISNUMBER(AY15),--(U15<>V15)+--(W15<>X15)+--(Y15<>Z15)+--(AB15<>AC15)+--(AF15<>AG15),"") | BA15: =IF(A15="","",TRIM(IF(B15="ID없음","대상자_VO2max 시트에 없는 ID ","")&IF(LEN(A15)<>LEN(TRIM(A15)),"ID 앞뒤 공백 ","")&IF(COUNTIF($A$4:$A$33,A15)>1,"ID 중복 ","")&IF(COUNTIF('FMS'!$A$4:$A$33,A15)=0,"FMS(평가자1) 시트에 없는 ID ","")&IF(AND(COUNT(D15,E15,F15,G15,H15,I15,J15,L15,M15,N15,P15,Q15)>0,COUNT(D15,E15,F15,G15,H15,I15,J15,L15,M15,N15,P15,Q15)<12),"사전 동작점수 일부 빈칸 ","")&IF(AND(COUNT(T15,U15,V15,W15,X15,Y15,Z15,AB15,AC15,AD15,AF15,AG15)>0,COUNT(T15,U15,V15,W15,X15,Y15,Z15,AB15,AC15,AD15,AF15,AG15)<12),"사후 동작점수 일부 빈칸 ","")))
... B33: =IF($A33="","",IFERROR(IF(INDEX('대상자_VO2max'!$B$4:$B$33,MATCH($A33,'대상자_VO2max'!$A$4:$A$33,0))="","",INDEX('대상자_VO2max'!$B$4:$B$33,MATCH($A33,'대상자_VO2max'!$A$4:$A$33,0))),"ID없음")) | AI33: =IF(ISNUMBER(D33),D33,"") | AJ33: =IF(AND(ISNUMBER(E33),ISNUMBER(F33)),MIN(E33,F33),"") | AK33: =IF(AND(ISNUMBER(G33),ISNUMBER(H33)),MIN(G33,H33),"") | AL33: =IF(AND(ISNUMBER(I33),ISNUMBER(J33)),IF(K33=1,0,MIN(I33,J33)),"") | AM33: =IF(AND(ISNUMBER(L33),ISNUMBER(M33)),MIN(L33,M33),"") | AN33: =IF(ISNUMBER(N33),IF(O33=1,0,N33),"") | AO33: =IF(AND(ISNUMBER(P33),ISNUMBER(Q33)),IF(R33=1,0,MIN(P33,Q33)),"") | AP33: =IF(COUNT(AI33:AO33)=7,SUM(AI33:AO33),"") | AQ33: =IF(ISNUMBER(AP33),--(E33<>F33)+--(G33<>H33)+--(I33<>J33)+--(L33<>M33)+--(P33<>Q33),"") | AR33: =IF(ISNUMBER(T33),T33,"") | AS33: =IF(AND(ISNUMBER(U33),ISNUMBER(V33)),MIN(U33,V33),"") | AT33: =IF(AND(ISNUMBER(W33),ISNUMBER(X33)),MIN(W33,X33),"") | AU33: =IF(AND(ISNUMBER(Y33),ISNUMBER(Z33)),IF(AA33=1,0,MIN(Y33,Z33)),"") | AV33: =IF(AND(ISNUMBER(AB33),ISNUMBER(AC33)),MIN(AB33,AC33),"") | AW33: =IF(ISNUMBER(AD33),IF(AE33=1,0,AD33),"") | AX33: =IF(AND(ISNUMBER(AF33),ISNUMBER(AG33)),IF(AH33=1,0,MIN(AF33,AG33)),"") | AY33: =IF(COUNT(AR33:AX33)=7,SUM(AR33:AX33),"") | AZ33: =IF(ISNUMBER(AY33),--(U33<>V33)+--(W33<>X33)+--(Y33<>Z33)+--(AB33<>AC33)+--(AF33<>AG33),"") | BA33: =IF(A33="","",TRIM(IF(B33="ID없음","대상자_VO2max 시트에 없는 ID ","")&IF(LEN(A33)<>LEN(TRIM(A33)),"ID 앞뒤 공백 ","")&IF(COUNTIF($A$4:$A$33,A33)>1,"ID 중복 ","")&IF(COUNTIF('FMS'!$A$4:$A$33,A33)=0,"FMS(평가자1) 시트에 없는 ID ","")&IF(AND(COUNT(D33,E33,F33,G33,H33,I33,J33,L33,M33,N33,P33,Q33)>0,COUNT(D33,E33,F33,G33,H33,I33,J33,L33,M33,N33,P33,Q33)<12),"사전 동작점수 일부 빈칸 ","")&IF(AND(COUNT(T33,U33,V33,W33,X33,Y33,Z33,AB33,AC33,AD33,AF33,AG33)>0,COUNT(T33,U33,V33,W33,X33,Y33,Z33,AB33,AC33,AD33,AF33,AG33)<12),"사후 동작점수 일부 빈칸 ","")))

Sheet 출석_훈련기록
A1: ID | B1: group | C1: s01 | D1: s02 | E1: s03 | F1: s04 | G1: s05 | H1: s06 | I1: s07 | J1: s08 | K1: s09 | L1: s10 | M1: s11 | N1: s12 | O1: s13 | P1: s14 | Q1: s15 | R1: s16 | S1: s17 | T1: s18 | U1: s19 | V1: s20 | W1: s21 | X1: s22 | Y1: s23 | Z1: s24 | AA1: s25 | AB1: s26 | AC1: s27 | AD1: s28 | AE1: s29 | AF1: s30 | AG1: s31 | AH1: s32 | AI1: s33 | AJ1: s34 | AK1: s35 | AL1: s36 | AM1: attend_n | AN1: record_n | AO1: attend_rate | AP1: hr_main_pct | AQ1: hr_n | AR1: rpe_mean | AS1: reg_hr_wk | AT1: reg_rpe | AU1: adverse
A2: 대상자 ID (직접 입력) | B2: 집단 (자동) | C2: 1회기 (1주) | D2: 2회기 (1주) | E2: 3회기 (1주) | F2: 4회기 (2주) | G2: 5회기 (2주) | H2: 6회기 (2주) | I2: 7회기 (3주) | J2: 8회기 (3주) | K2: 9회기 (3주) | L2: 10회기 (4주) | M2: 11회기 (4주) | N2: 12회기 (4주) | O2: 13회기 (5주) | P2: 14회기 (5주) | Q2: 15회기 (5주) | R2: 16회기 (6주) | S2: 17회기 (6주) | T2: 18회기 (6주) | U2: 19회기 (7주) | V2: 20회기 (7주) | W2: 21회기 (7주) | X2: 22회기 (8주) | Y2: 23회기 (8주) | Z2: 24회기 (8주) | AA2: 25회기 (9주) | AB2: 26회기 (9주) | AC2: 27회기 (9주) | AD2: 28회기 (10주) | AE2: 29회기 (10주) | AF2: 30회기 (10주) | AG2: 31회기 (11주) | AH2: 32회기 (11주) | AI2: 33회기 (11주) | AJ2: 34회기 (12주) | AK2: 35회기 (12주) | AL2: 36회기 (12주) | AM2: 출석 회기 수 (자동) | AN2: 기록된 회기 수 (자동) | AO2: 출석률 (실시 회기 기준, 자동) | AP2: 본운동 구간 평균 심박 (%HRmax) | AQ2: 심박 기록 회기 수 | AR2: 평균 세션 RPE (척도: D6) | AS2: H-IFIT 제외 주당 정규훈련 시간(시간/주) | AT2: 정규훈련 평균 강도 (RPE) | AU2: 이상반응·부상·특이사항
A3: 예시 | B3: 1 | C3: 1 | D3: 1 | E3: 1 | F3: 1 | G3: 1 | H3: 1 | I3: 1 | J3: 1 | K3: 1 | L3: 1 | M3: 1 | N3: 1 | O3: 1 | P3: 1 | Q3: 1 | R3: 1 | S3: 1 | T3: 1 | U3: 1 | V3: 1 | W3: 1 | X3: 1 | Y3: 0 | Z3: 1 | AA3: 1 | AB3: 1 | AC3: 1 | AD3: 1 | AE3: 1 | AF3: 1 | AG3: 1 | AH3: 1 | AI3: 1 | AJ3: 1 | AK3: 1 | AL3: 1 | AM3: =IF(COUNT(C3:AL3)=0,"",SUMPRODUCT((C3:AL3=1)*(($C$35:$AL$35=1)+($C$35:$AL$35="")))) | AN3: =IF(COUNT(C3:AL3)=0,"",COUNT(C3:AL3)) | AO3: =IF(COUNT(C3:AL3)=0,"",IF((36-COUNTIF($C$35:$AL$35,0))=0,"",SUMPRODUCT((C3:AL3=1)*(($C$35:$AL$35=1)+($C$35:$AL$35="")))/(36-COUNTIF($C$35:$AL$35,0)))) | AP3: 88.5 | AQ3: 30 | AR3: 16.2 | AS3: 6 | AT3: 13 | AU3: 8주차(23회기) 결석: 감기
B4: =IF($A4="","",IFERROR(IF(INDEX('대상자_VO2max'!$B$4:$B$33,MATCH($A4,'대상자_VO2max'!$A$4:$A$33,0))="","",INDEX('대상자_VO2max'!$B$4:$B$33,MATCH($A4,'대상자_VO2max'!$A$4:$A$33,0))),"ID없음")) | AM4: =IF(COUNT(C4:AL4)=0,"",SUMPRODUCT((C4:AL4=1)*(($C$35:$AL$35=1)+($C$35:$AL$35="")))) | AN4: =IF(COUNT(C4:AL4)=0,"",COUNT(C4:AL4)) | AO4: =IF(COUNT(C4:AL4)=0,"",IF((36-COUNTIF($C$35:$AL$35,0))=0,"",SUMPRODUCT((C4:AL4=1)*(($C$35:$AL$35=1)+($C$35:$AL$35="")))/(36-COUNTIF($C$35:$AL$35,0))))
B5: =IF($A5="","",IFERROR(IF(INDEX('대상자_VO2max'!$B$4:$B$33,MATCH($A5,'대상자_VO2max'!$A$4:$A$33,0))="","",INDEX('대상자_VO2max'!$B$4:$B$33,MATCH($A5,'대상자_VO2max'!$A$4:$A$33,0))),"ID없음")) | AM5: =IF(COUNT(C5:AL5)=0,"",SUMPRODUCT((C5:AL5=1)*(($C$35:$AL$35=1)+($C$35:$AL$35="")))) | AN5: =IF(COUNT(C5:AL5)=0,"",COUNT(C5:AL5)) | AO5: =IF(COUNT(C5:AL5)=0,"",IF((36-COUNTIF($C$35:$AL$35,0))=0,"",SUMPRODUCT((C5:AL5=1)*(($C$35:$AL$35=1)+($C$35:$AL$35="")))/(36-COUNTIF($C$35:$AL$35,0))))
B6: =IF($A6="","",IFERROR(IF(INDEX('대상자_VO2max'!$B$4:$B$33,MATCH($A6,'대상자_VO2max'!$A$4:$A$33,0))="","",INDEX('대상자_VO2max'!$B$4:$B$33,MATCH($A6,'대상자_VO2max'!$A$4:$A$33,0))),"ID없음")) | AM6: =IF(COUNT(C6:AL6)=0,"",SUMPRODUCT((C6:AL6=1)*(($C$35:$AL$35=1)+($C$35:$AL$35="")))) | AN6: =IF(COUNT(C6:AL6)=0,"",COUNT(C6:AL6)) | AO6: =IF(COUNT(C6:AL6)=0,"",IF((36-COUNTIF($C$35:$AL$35,0))=0,"",SUMPRODUCT((C6:AL6=1)*(($C$35:$AL$35=1)+($C$35:$AL$35="")))/(36-COUNTIF($C$35:$AL$35,0))))
B7: =IF($A7="","",IFERROR(IF(INDEX('대상자_VO2max'!$B$4:$B$33,MATCH($A7,'대상자_VO2max'!$A$4:$A$33,0))="","",INDEX('대상자_VO2max'!$B$4:$B$33,MATCH($A7,'대상자_VO2max'!$A$4:$A$33,0))),"ID없음")) | AM7: =IF(COUNT(C7:AL7)=0,"",SUMPRODUCT((C7:AL7=1)*(($C$35:$AL$35=1)+($C$35:$AL$35="")))) | AN7: =IF(COUNT(C7:AL7)=0,"",COUNT(C7:AL7)) | AO7: =IF(COUNT(C7:AL7)=0,"",IF((36-COUNTIF($C$35:$AL$35,0))=0,"",SUMPRODUCT((C7:AL7=1)*(($C$35:$AL$35=1)+($C$35:$AL$35="")))/(36-COUNTIF($C$35:$AL$35,0))))
B8: =IF($A8="","",IFERROR(IF(INDEX('대상자_VO2max'!$B$4:$B$33,MATCH($A8,'대상자_VO2max'!$A$4:$A$33,0))="","",INDEX('대상자_VO2max'!$B$4:$B$33,MATCH($A8,'대상자_VO2max'!$A$4:$A$33,0))),"ID없음")) | AM8: =IF(COUNT(C8:AL8)=0,"",SUMPRODUCT((C8:AL8=1)*(($C$35:$AL$35=1)+($C$35:$AL$35="")))) | AN8: =IF(COUNT(C8:AL8)=0,"",COUNT(C8:AL8)) | AO8: =IF(COUNT(C8:AL8)=0,"",IF((36-COUNTIF($C$35:$AL$35,0))=0,"",SUMPRODUCT((C8:AL8=1)*(($C$35:$AL$35=1)+($C$35:$AL$35="")))/(36-COUNTIF($C$35:$AL$35,0))))
B9: =IF($A9="","",IFERROR(IF(INDEX('대상자_VO2max'!$B$4:$B$33,MATCH($A9,'대상자_VO2max'!$A$4:$A$33,0))="","",INDEX('대상자_VO2max'!$B$4:$B$33,MATCH($A9,'대상자_VO2max'!$A$4:$A$33,0))),"ID없음")) | AM9: =IF(COUNT(C9:AL9)=0,"",SUMPRODUCT((C9:AL9=1)*(($C$35:$AL$35=1)+($C$35:$AL$35="")))) | AN9: =IF(COUNT(C9:AL9)=0,"",COUNT(C9:AL9)) | AO9: =IF(COUNT(C9:AL9)=0,"",IF((36-COUNTIF($C$35:$AL$35,0))=0,"",SUMPRODUCT((C9:AL9=1)*(($C$35:$AL$35=1)+($C$35:$AL$35="")))/(36-COUNTIF($C$35:$AL$35,0))))
B10: =IF($A10="","",IFERROR(IF(INDEX('대상자_VO2max'!$B$4:$B$33,MATCH($A10,'대상자_VO2max'!$A$4:$A$33,0))="","",INDEX('대상자_VO2max'!$B$4:$B$33,MATCH($A10,'대상자_VO2max'!$A$4:$A$33,0))),"ID없음")) | AM10: =IF(COUNT(C10:AL10)=0,"",SUMPRODUCT((C10:AL10=1)*(($C$35:$AL$35=1)+($C$35:$AL$35="")))) | AN10: =IF(COUNT(C10:AL10)=0,"",COUNT(C10:AL10)) | AO10: =IF(COUNT(C10:AL10)=0,"",IF((36-COUNTIF($C$35:$AL$35,0))=0,"",SUMPRODUCT((C10:AL10=1)*(($C$35:$AL$35=1)+($C$35:$AL$35="")))/(36-COUNTIF($C$35:$AL$35,0))))
B11: =IF($A11="","",IFERROR(IF(INDEX('대상자_VO2max'!$B$4:$B$33,MATCH($A11,'대상자_VO2max'!$A$4:$A$33,0))="","",INDEX('대상자_VO2max'!$B$4:$B$33,MATCH($A11,'대상자_VO2max'!$A$4:$A$33,0))),"ID없음")) | AM11: =IF(COUNT(C11:AL11)=0,"",SUMPRODUCT((C11:AL11=1)*(($C$35:$AL$35=1)+($C$35:$AL$35="")))) | AN11: =IF(COUNT(C11:AL11)=0,"",COUNT(C11:AL11)) | AO11: =IF(COUNT(C11:AL11)=0,"",IF((36-COUNTIF($C$35:$AL$35,0))=0,"",SUMPRODUCT((C11:AL11=1)*(($C$35:$AL$35=1)+($C$35:$AL$35="")))/(36-COUNTIF($C$35:$AL$35,0))))
B12: =IF($A12="","",IFERROR(IF(INDEX('대상자_VO2max'!$B$4:$B$33,MATCH($A12,'대상자_VO2max'!$A$4:$A$33,0))="","",INDEX('대상자_VO2max'!$B$4:$B$33,MATCH($A12,'대상자_VO2max'!$A$4:$A$33,0))),"ID없음")) | AM12: =IF(COUNT(C12:AL12)=0,"",SUMPRODUCT((C12:AL12=1)*(($C$35:$AL$35=1)+($C$35:$AL$35="")))) | AN12: =IF(COUNT(C12:AL12)=0,"",COUNT(C12:AL12)) | AO12: =IF(COUNT(C12:AL12)=0,"",IF((36-COUNTIF($C$35:$AL$35,0))=0,"",SUMPRODUCT((C12:AL12=1)*(($C$35:$AL$35=1)+($C$35:$AL$35="")))/(36-COUNTIF($C$35:$AL$35,0))))
B13: =IF($A13="","",IFERROR(IF(INDEX('대상자_VO2max'!$B$4:$B$33,MATCH($A13,'대상자_VO2max'!$A$4:$A$33,0))="","",INDEX('대상자_VO2max'!$B$4:$B$33,MATCH($A13,'대상자_VO2max'!$A$4:$A$33,0))),"ID없음")) | AM13: =IF(COUNT(C13:AL13)=0,"",SUMPRODUCT((C13:AL13=1)*(($C$35:$AL$35=1)+($C$35:$AL$35="")))) | AN13: =IF(COUNT(C13:AL13)=0,"",COUNT(C13:AL13)) | AO13: =IF(COUNT(C13:AL13)=0,"",IF((36-COUNTIF($C$35:$AL$35,0))=0,"",SUMPRODUCT((C13:AL13=1)*(($C$35:$AL$35=1)+($C$35:$AL$35="")))/(36-COUNTIF($C$35:$AL$35,0))))
B14: =IF($A14="","",IFERROR(IF(INDEX('대상자_VO2max'!$B$4:$B$33,MATCH($A14,'대상자_VO2max'!$A$4:$A$33,0))="","",INDEX('대상자_VO2max'!$B$4:$B$33,MATCH($A14,'대상자_VO2max'!$A$4:$A$33,0))),"ID없음")) | AM14: =IF(COUNT(C14:AL14)=0,"",SUMPRODUCT((C14:AL14=1)*(($C$35:$AL$35=1)+($C$35:$AL$35="")))) | AN14: =IF(COUNT(C14:AL14)=0,"",COUNT(C14:AL14)) | AO14: =IF(COUNT(C14:AL14)=0,"",IF((36-COUNTIF($C$35:$AL$35,0))=0,"",SUMPRODUCT((C14:AL14=1)*(($C$35:$AL$35=1)+($C$35:$AL$35="")))/(36-COUNTIF($C$35:$AL$35,0))))
B15: =IF($A15="","",IFERROR(IF(INDEX('대상자_VO2max'!$B$4:$B$33,MATCH($A15,'대상자_VO2max'!$A$4:$A$33,0))="","",INDEX('대상자_VO2max'!$B$4:$B$33,MATCH($A15,'대상자_VO2max'!$A$4:$A$33,0))),"ID없음")) | AM15: =IF(COUNT(C15:AL15)=0,"",SUMPRODUCT((C15:AL15=1)*(($C$35:$AL$35=1)+($C$35:$AL$35="")))) | AN15: =IF(COUNT(C15:AL15)=0,"",COUNT(C15:AL15)) | AO15: =IF(COUNT(C15:AL15)=0,"",IF((36-COUNTIF($C$35:$AL$35,0))=0,"",SUMPRODUCT((C15:AL15=1)*(($C$35:$AL$35=1)+($C$35:$AL$35="")))/(36-COUNTIF($C$35:$AL$35,0))))
... B33: =IF($A33="","",IFERROR(IF(INDEX('대상자_VO2max'!$B$4:$B$33,MATCH($A33,'대상자_VO2max'!$A$4:$A$33,0))="","",INDEX('대상자_VO2max'!$B$4:$B$33,MATCH($A33,'대상자_VO2max'!$A$4:$A$33,0))),"ID없음")) | AM33: =IF(COUNT(C33:AL33)=0,"",SUMPRODUCT((C33:AL33=1)*(($C$35:$AL$35=1)+($C$35:$AL$35="")))) | AN33: =IF(COUNT(C33:AL33)=0,"",COUNT(C33:AL33)) | AO33: =IF(COUNT(C33:AL33)=0,"",IF((36-COUNTIF($C$35:$AL$35,0))=0,"",SUMPRODUCT((C33:AL33=1)*(($C$35:$AL$35=1)+($C$35:$AL$35="")))/(36-COUNTIF($C$35:$AL$35,0))))
A35: 전체 취소된 회기에만 0 (빈칸·1 = 실시)
A36: 그 회기 실제 본운동 시간 (분)
A37: 실험군: 회기별 1=출석, 0=결석, 기록 없으면 빈칸. 출석률 = 출석 회기 ÷ 실제 실시 회기. 35행에는 전체 취소된 회기에만 0을 넣고 나머지는 비워 두면 실시로 계산합니다. 통제군은 회기 칸을 비우고 오른쪽 정규훈련 시간·강도만 적어도 됩니다. 실험군의 '정규훈련 시간'은 H-IFIT를 뺀 시간입니다.

Sheet 주차별_프로그램
A1: 주차별 실제 운동 구성 (프로그램 재현성)
A2: 주차마다 실제로 한 구성을 적습니다(회기마다 달랐으면 대표 구성 + 비고). 본운동 총시간 추정 = 종목 수×세트×(운동+휴식) + (세트−1)×세트 간 휴식. 전환 시간은 빠져 있으니 연구정보 D9 답과 함께 봅니다.
A3: week | B3: exercises | C3: n_ex | D3: work_s | E3: rest_s | F3: sets | G3: set_rest_s | H3: ratio | I3: work_min | J3: main_min | K3: diff40 | L3: target_hr | M3: actual_hr | N3: target_rpe | O3: note
A4: 주차 | B4: 실제 실시한 운동 종목 (쉼표로 구분) | C4: 종목 수 | D4: 종목당 운동(초) | E4: 종목 간 휴식(초) | F4: 세트 수 | G4: 세트 간 휴식(초) | H4: 운동:휴식 (자동) | I4: 순수 운동 시간(분, 자동) | J4: 본운동 총시간 추정(분, 자동) | K4: 원고 40분과의 차이(분, 자동) | L4: 목표 강도 (%HRmax) | M4: 실제 평균 심박(%HRmax) | N4: 목표 RPE | O4: 진행(점증) 기준·비고
A5: 예시 | B5: 스쿼트 점프, 점핑 런지, 버피, 플랭크, 셔틀런, 교대 돌려차기 | C5: 6 | D5: 30 | E5: 30 | F5: 3 | G5: 120 | H5: =IF(AND(ISNUMBER(D5),ISNUMBER(E5)),IF(E5>0,TEXT(D5/E5,"0.0#")&" : 1",""),"") | I5: =IF(COUNT(C5,D5,F5)=3,C5*F5*D5/60,"") | J5: =IF(COUNT(C5,D5,E5,F5)=4,(C5*F5*(D5+E5)+MAX(F5-1,0)*IF(ISNUMBER(G5),G5,0))/60,"") | K5: =IF(ISNUMBER(J5),J5-40,"") | L5: 85–90% | M5: 87.2 | N5: 15–16 | O5: 적응기: 1:1
A6: 1 | H6: =IF(AND(ISNUMBER(D6),ISNUMBER(E6)),IF(E6>0,TEXT(D6/E6,"0.0#")&" : 1",""),"") | I6: =IF(COUNT(C6,D6,F6)=3,C6*F6*D6/60,"") | J6: =IF(COUNT(C6,D6,E6,F6)=4,(C6*F6*(D6+E6)+MAX(F6-1,0)*IF(ISNUMBER(G6),G6,0))/60,"") | K6: =IF(ISNUMBER(J6),J6-40,"")
A7: 2 | H7: =IF(AND(ISNUMBER(D7),ISNUMBER(E7)),IF(E7>0,TEXT(D7/E7,"0.0#")&" : 1",""),"") | I7: =IF(COUNT(C7,D7,F7)=3,C7*F7*D7/60,"") | J7: =IF(COUNT(C7,D7,E7,F7)=4,(C7*F7*(D7+E7)+MAX(F7-1,0)*IF(ISNUMBER(G7),G7,0))/60,"") | K7: =IF(ISNUMBER(J7),J7-40,"")
A8: 3 | H8: =IF(AND(ISNUMBER(D8),ISNUMBER(E8)),IF(E8>0,TEXT(D8/E8,"0.0#")&" : 1",""),"") | I8: =IF(COUNT(C8,D8,F8)=3,C8*F8*D8/60,"") | J8: =IF(COUNT(C8,D8,E8,F8)=4,(C8*F8*(D8+E8)+MAX(F8-1,0)*IF(ISNUMBER(G8),G8,0))/60,"") | K8: =IF(ISNUMBER(J8),J8-40,"")
A9: 4 | H9: =IF(AND(ISNUMBER(D9),ISNUMBER(E9)),IF(E9>0,TEXT(D9/E9,"0.0#")&" : 1",""),"") | I9: =IF(COUNT(C9,D9,F9)=3,C9*F9*D9/60,"") | J9: =IF(COUNT(C9,D9,E9,F9)=4,(C9*F9*(D9+E9)+MAX(F9-1,0)*IF(ISNUMBER(G9),G9,0))/60,"") | K9: =IF(ISNUMBER(J9),J9-40,"")
A10: 5 | H10: =IF(AND(ISNUMBER(D10),ISNUMBER(E10)),IF(E10>0,TEXT(D10/E10,"0.0#")&" : 1",""),"") | I10: =IF(COUNT(C10,D10,F10)=3,C10*F10*D10/60,"") | J10: =IF(COUNT(C10,D10,E10,F10)=4,(C10*F10*(D10+E10)+MAX(F10-1,0)*IF(ISNUMBER(G10),G10,0))/60,"") | K10: =IF(ISNUMBER(J10),J10-40,"")
A11: 6 | H11: =IF(AND(ISNUMBER(D11),ISNUMBER(E11)),IF(E11>0,TEXT(D11/E11,"0.0#")&" : 1",""),"") | I11: =IF(COUNT(C11,D11,F11)=3,C11*F11*D11/60,"") | J11: =IF(COUNT(C11,D11,E11,F11)=4,(C11*F11*(D11+E11)+MAX(F11-1,0)*IF(ISNUMBER(G11),G11,0))/60,"") | K11: =IF(ISNUMBER(J11),J11-40,"")
A12: 7 | H12: =IF(AND(ISNUMBER(D12),ISNUMBER(E12)),IF(E12>0,TEXT(D12/E12,"0.0#")&" : 1",""),"") | I12: =IF(COUNT(C12,D12,F12)=3,C12*F12*D12/60,"") | J12: =IF(COUNT(C12,D12,E12,F12)=4,(C12*F12*(D12+E12)+MAX(F12-1,0)*IF(ISNUMBER(G12),G12,0))/60,"") | K12: =IF(ISNUMBER(J12),J12-40,"")
A13: 8 | H13: =IF(AND(ISNUMBER(D13),ISNUMBER(E13)),IF(E13>0,TEXT(D13/E13,"0.0#")&" : 1",""),"") | I13: =IF(COUNT(C13,D13,F13)=3,C13*F13*D13/60,"") | J13: =IF(COUNT(C13,D13,E13,F13)=4,(C13*F13*(D13+E13)+MAX(F13-1,0)*IF(ISNUMBER(G13),G13,0))/60,"") | K13: =IF(ISNUMBER(J13),J13-40,"")
A14: 9 | H14: =IF(AND(ISNUMBER(D14),ISNUMBER(E14)),IF(E14>0,TEXT(D14/E14,"0.0#")&" : 1",""),"") | I14: =IF(COUNT(C14,D14,F14)=3,C14*F14*D14/60,"") | J14: =IF(COUNT(C14,D14,E14,F14)=4,(C14*F14*(D14+E14)+MAX(F14-1,0)*IF(ISNUMBER(G14),G14,0))/60,"") | K14: =IF(ISNUMBER(J14),J14-40,"")
A15: 10 | H15: =IF(AND(ISNUMBER(D15),ISNUMBER(E15)),IF(E15>0,TEXT(D15/E15,"0.0#")&" : 1",""),"") | I15: =IF(COUNT(C15,D15,F15)=3,C15*F15*D15/60,"") | J15: =IF(COUNT(C15,D15,E15,F15)=4,(C15*F15*(D15+E15)+MAX(F15-1,0)*IF(ISNUMBER(G15),G15,0))/60,"") | K15: =IF(ISNUMBER(J15),J15-40,"")
A16: 11 | H16: =IF(AND(ISNUMBER(D16),ISNUMBER(E16)),IF(E16>0,TEXT(D16/E16,"0.0#")&" : 1",""),"") | I16: =IF(COUNT(C16,D16,F16)=3,C16*F16*D16/60,"") | J16: =IF(COUNT(C16,D16,E16,F16)=4,(C16*F16*(D16+E16)+MAX(F16-1,0)*IF(ISNUMBER(G16),G16,0))/60,"") | K16: =IF(ISNUMBER(J16),J16-40,"")
A17: 12 | H17: =IF(AND(ISNUMBER(D17),ISNUMBER(E17)),IF(E17>0,TEXT(D17/E17,"0.0#")&" : 1",""),"") | I17: =IF(COUNT(C17,D17,F17)=3,C17*F17*D17/60,"") | J17: =IF(COUNT(C17,D17,E17,F17)=4,(C17*F17*(D17+E17)+MAX(F17-1,0)*IF(ISNUMBER(G17),G17,0))/60,"") | K17: =IF(ISNUMBER(J17),J17-40,"")

Sheet 대상자_흐름
A1: 대상자 흐름 (CONSORT/TREND 흐름도)
A2: 각 선수는 단계마다 한 번만 셉니다. '중재 중단'은 중재를 그만뒀지만 사후 측정은 받은 경우, '추적 소실'은 사후 측정을 받지 못한 경우입니다. 중단했지만 사후 측정을 받은 선수는 분석에 포함될 수 있습니다.
A4: 단계 | B4: 실험군 | C4: 통제군 | D4: 합계 | E4: 사유·설명 (직접 입력) | F4: 점검
A5: 적격성 평가 인원 | B5: — | C5: — | F5: =IF(COUNT(D5:D9)<5,"",IF(D5-SUM(D6:D8)<>D9,"적격성−배정 전 제외와 배정 합계가 다름",""))
A6: 배정 전 제외: 선정기준 미충족 | B6: — | C6: —
A7: 배정 전 제외: 참여 거부 | B7: — | C7: —
A8: 배정 전 제외: 기타 | B8: — | C8: —
A9: 배정 인원 | D9: =IF(COUNT(B9:C9)=0,"",SUM(B9:C9)) | F9: =IF(COUNT(B9:C9)<2,"",IF(OR(B9<>B17,C9<>C17),"배정 인원과 대상자 시트 입력 인원이 다름",""))
A10: 배정된 중재를 실제로 받음 | D10: =IF(COUNT(B10:C10)=0,"",SUM(B10:C10))
A11: 중재 중단 (사후 측정은 받음) | D11: =IF(COUNT(B11:C11)=0,"",SUM(B11:C11))
A12: 추적 소실 (사후 측정 못 받음) | D12: =IF(COUNT(B12:C12)=0,"",SUM(B12:C12))
A13: VO2max 분석 인원 (직접 입력) | D13: =IF(COUNT(B13:C13)=0,"",SUM(B13:C13)) | F13: =IF(COUNT(B9:C9,B13:C13)<4,"",IF(OR(B13>B9-N(B12),C13>C9-N(C12)),"분석 인원이 배정−추적소실보다 많음",""))
A14: FMS 분석 인원 (직접 입력) | D14: =IF(COUNT(B14:C14)=0,"",SUM(B14:C14)) | F14: =IF(COUNT(B9:C9,B14:C14)<4,"",IF(OR(B14>B9-N(B12),C14>C9-N(C12)),"분석 인원이 배정−추적소실보다 많음",""))
A15: VO2max 분석 인원 (자동: 자동검산 A) | B15: ='자동검산'!B6 | C15: ='자동검산'!B7 | D15: =B15+C15 | F15: =IF(COUNT(B13:C13)=0,"",IF(AND(B13=B15,C13=C15),"같음","직접 입력값과 자동 집계가 다름: 분석포함·결측 확인"))
A16: FMS 분석 인원 (자동: 자동검산 B) | B16: ='자동검산'!B12 | C16: ='자동검산'!B13 | D16: =B16+C16 | F16: =IF(COUNT(B14:C14)=0,"",IF(AND(B14=B16,C14=C16),"같음","직접 입력값과 자동 집계가 다름: 분석포함·결측 확인"))
A17: 대상자 시트 입력 인원 (자동) | B17: =COUNTIF('대상자_VO2max'!$B$4:$B$33,1) | C17: =COUNTIF('대상자_VO2max'!$B$4:$B$33,2) | D17: =B17+C17

Sheet 자동검산
A1: 자동 검산 (입력 자료 → 기술통계·검정값 → 포스터 보고값과의 차이 기록)
A2: 집단 1/2, 분석포함=1, 사전·사후가 모두 있는 대상자만 씁니다(완전사례). 집단×시기 상호작용 F는 두 시점 혼합 반복측정 ANOVA의 상호작용과 수학적으로 같은 '변화량의 독립표본 t²(등분산 가정)'입니다. FMS 총점은 '좌우 중 낮은 점수, clearing 통증=0, 21점 만점'(Cook 2014) 규칙으로 계산합니다(연구정보 F9 참고). 하위항목 비모수 검정·ICC 등 최종 분석은 자료를 받은 뒤 따로 합니다.
A4: A. VO2max 집단별 사전·사후 (mL/kg/min)
A5: 집단 | B5: n | C5: 사전 M | D5: 사전 SD | E5: 사후 M | F5: 사후 SD | G5: 변화 M (사후−사전) | H5: 변화 SD | I5: 대응 t (사후−사전) | J5: df | K5: p (양측) | L5: 변화 95% CI 하한 | M5: 변화 95% CI 상한 | N5: 효과크기 dz
A6: 실험군 | B6: =SUMPRODUCT((grp=1)*(inc=1)*ISNUMBER(d_vo2)) | C6: {=IF(B6<1,"",AVERAGE(IF((grp=1)*(inc=1)*ISNUMBER(d_vo2),vo2_pre)))} | D6: {=IF(B6<2,"",STDEV(IF((grp=1)*(inc=1)*ISNUMBER(d_vo2),vo2_pre)))} | E6: {=IF(B6<1,"",AVERAGE(IF((grp=1)*(inc=1)*ISNUMBER(d_vo2),vo2_post)))} | F6: {=IF(B6<2,"",STDEV(IF((grp=1)*(inc=1)*ISNUMBER(d_vo2),vo2_post)))} | G6: {=IF(B6<1,"",AVERAGE(IF((grp=1)*(inc=1)*ISNUMBER(d_vo2),d_vo2)))} | H6: {=IF(B6<2,"",STDEV(IF((grp=1)*(inc=1)*ISNUMBER(d_vo2),d_vo2)))} | I6: =IF(OR(B6<2,H6=""),"",IF(ROUND(H6,10)=0,"",G6/(H6/SQRT(B6)))) | J6: =IF(B6<2,"",B6-1) | K6: =IF(I6="","",TDIST(ABS(I6),J6,2)) | L6: =IF(I6="","",G6-TINV(0.05,J6)*H6/SQRT(B6)) | M6: =IF(I6="","",G6+TINV(0.05,J6)*H6/SQRT(B6)) | N6: =IF(I6="","",G6/H6)
A7: 통제군 | B7: =SUMPRODUCT((grp=2)*(inc=1)*ISNUMBER(d_vo2)) | C7: {=IF(B7<1,"",AVERAGE(IF((grp=2)*(inc=1)*ISNUMBER(d_vo2),vo2_pre)))} | D7: {=IF(B7<2,"",STDEV(IF((grp=2)*(inc=1)*ISNUMBER(d_vo2),vo2_pre)))} | E7: {=IF(B7<1,"",AVERAGE(IF((grp=2)*(inc=1)*ISNUMBER(d_vo2),vo2_post)))} | F7: {=IF(B7<2,"",STDEV(IF((grp=2)*(inc=1)*ISNUMBER(d_vo2),vo2_post)))} | G7: {=IF(B7<1,"",AVERAGE(IF((grp=2)*(inc=1)*ISNUMBER(d_vo2),d_vo2)))} | H7: {=IF(B7<2,"",STDEV(IF((grp=2)*(inc=1)*ISNUMBER(d_vo2),d_vo2)))} | I7: =IF(OR(B7<2,H7=""),"",IF(ROUND(H7,10)=0,"",G7/(H7/SQRT(B7)))) | J7: =IF(B7<2,"",B7-1) | K7: =IF(I7="","",TDIST(ABS(I7),J7,2)) | L7: =IF(I7="","",G7-TINV(0.05,J7)*H7/SQRT(B7)) | M7: =IF(I7="","",G7+TINV(0.05,J7)*H7/SQRT(B7)) | N7: =IF(I7="","",G7/H7)
A8: 단위: mL/kg/min. t는 사후−사전 기준(양수=증가). SPSS는 보통 사전−사후로 계산해 부호가 반대입니다.
A10: B. FMS 총점 집단별 사전·사후 (점) — FMS 시트(평가자1, 하위항목이 없으면 SPSS총점)
A11: 집단 | B11: n | C11: 사전 M | D11: 사전 SD | E11: 사후 M | F11: 사후 SD | G11: 변화 M (사후−사전) | H11: 변화 SD | I11: 대응 t (사후−사전) | J11: df | K11: p (양측) | L11: 변화 95% CI 하한 | M11: 변화 95% CI 상한 | N11: 효과크기 dz
A12: 실험군 | B12: =SUMPRODUCT((grp_f=1)*(inc_f=1)*ISNUMBER(d_fms)) | C12: {=IF(B12<1,"",AVERAGE(IF((grp_f=1)*(inc_f=1)*ISNUMBER(d_fms),fms_pre)))} | D12: {=IF(B12<2,"",STDEV(IF((grp_f=1)*(inc_f=1)*ISNUMBER(d_fms),fms_pre)))} | E12: {=IF(B12<1,"",AVERAGE(IF((grp_f=1)*(inc_f=1)*ISNUMBER(d_fms),fms_post)))} | F12: {=IF(B12<2,"",STDEV(IF((grp_f=1)*(inc_f=1)*ISNUMBER(d_fms),fms_post)))} | G12: {=IF(B12<1,"",AVERAGE(IF((grp_f=1)*(inc_f=1)*ISNUMBER(d_fms),d_fms)))} | H12: {=IF(B12<2,"",STDEV(IF((grp_f=1)*(inc_f=1)*ISNUMBER(d_fms),d_fms)))} | I12: =IF(OR(B12<2,H12=""),"",IF(ROUND(H12,10)=0,"",G12/(H12/SQRT(B12)))) | J12: =IF(B12<2,"",B12-1) | K12: =IF(I12="","",TDIST(ABS(I12),J12,2)) | L12: =IF(I12="","",G12-TINV(0.05,J12)*H12/SQRT(B12)) | M12: =IF(I12="","",G12+TINV(0.05,J12)*H12/SQRT(B12)) | N12: =IF(I12="","",G12/H12)
A13: 통제군 | B13: =SUMPRODUCT((grp_f=2)*(inc_f=1)*ISNUMBER(d_fms)) | C13: {=IF(B13<1,"",AVERAGE(IF((grp_f=2)*(inc_f=1)*ISNUMBER(d_fms),fms_pre)))} | D13: {=IF(B13<2,"",STDEV(IF((grp_f=2)*(inc_f=1)*ISNUMBER(d_fms),fms_pre)))} | E13: {=IF(B13<1,"",AVERAGE(IF((grp_f=2)*(inc_f=1)*ISNUMBER(d_fms),fms_post)))} | F13: {=IF(B13<2,"",STDEV(IF((grp_f=2)*(inc_f=1)*ISNUMBER(d_fms),fms_post)))} | G13: {=IF(B13<1,"",AVERAGE(IF((grp_f=2)*(inc_f=1)*ISNUMBER(d_fms),d_fms)))} | H13: {=IF(B13<2,"",STDEV(IF((grp_f=2)*(inc_f=1)*ISNUMBER(d_fms),d_fms)))} | I13: =IF(OR(B13<2,H13=""),"",IF(ROUND(H13,10)=0,"",G13/(H13/SQRT(B13)))) | J13: =IF(B13<2,"",B13-1) | K13: =IF(I13="","",TDIST(ABS(I13),J13,2)) | L13: =IF(I13="","",G13-TINV(0.05,J13)*H13/SQRT(B13)) | M13: =IF(I13="","",G13+TINV(0.05,J13)*H13/SQRT(B13)) | N13: =IF(I13="","",G13/H13)
A14: 단위: 점(21점 만점). t는 사후−사전 기준(양수=증가). SPSS는 보통 사전−사후로 계산해 부호가 반대입니다.
A16: B-2. FMS 총점: 두 평가자 총점의 평균 (FMS_평가자2 시트 입력 시)
A17: 집단 | B17: n | C17: 사전 M | D17: 사전 SD | E17: 사후 M | F17: 사후 SD | G17: 변화 M (사후−사전) | H17: 변화 SD | I17: 대응 t (사후−사전) | J17: df | K17: p (양측) | L17: 변화 95% CI 하한 | M17: 변화 95% CI 상한 | N17: 효과크기 dz
A18: 실험군 | B18: =SUMPRODUCT((grp_f=1)*(inc_f=1)*ISNUMBER(d_fms_avg)) | C18: {=IF(B18<1,"",AVERAGE(IF((grp_f=1)*(inc_f=1)*ISNUMBER(d_fms_avg),fms_avg_pre)))} | D18: {=IF(B18<2,"",STDEV(IF((grp_f=1)*(inc_f=1)*ISNUMBER(d_fms_avg),fms_avg_pre)))} | E18: {=IF(B18<1,"",AVERAGE(IF((grp_f=1)*(inc_f=1)*ISNUMBER(d_fms_avg),fms_avg_post)))} | F18: {=IF(B18<2,"",STDEV(IF((grp_f=1)*(inc_f=1)*ISNUMBER(d_fms_avg),fms_avg_post)))} | G18: {=IF(B18<1,"",AVERAGE(IF((grp_f=1)*(inc_f=1)*ISNUMBER(d_fms_avg),d_fms_avg)))} | H18: {=IF(B18<2,"",STDEV(IF((grp_f=1)*(inc_f=1)*ISNUMBER(d_fms_avg),d_fms_avg)))} | I18: =IF(OR(B18<2,H18=""),"",IF(ROUND(H18,10)=0,"",G18/(H18/SQRT(B18)))) | J18: =IF(B18<2,"",B18-1) | K18: =IF(I18="","",TDIST(ABS(I18),J18,2)) | L18: =IF(I18="","",G18-TINV(0.05,J18)*H18/SQRT(B18)) | M18: =IF(I18="","",G18+TINV(0.05,J18)*H18/SQRT(B18)) | N18: =IF(I18="","",G18/H18)
A19: 통제군 | B19: =SUMPRODUCT((grp_f=2)*(inc_f=1)*ISNUMBER(d_fms_avg)) | C19: {=IF(B19<1,"",AVERAGE(IF((grp_f=2)*(inc_f=1)*ISNUMBER(d_fms_avg),fms_avg_pre)))} | D19: {=IF(B19<2,"",STDEV(IF((grp_f=2)*(inc_f=1)*ISNUMBER(d_fms_avg),fms_avg_pre)))} | E19: {=IF(B19<1,"",AVERAGE(IF((grp_f=2)*(inc_f=1)*ISNUMBER(d_fms_avg),fms_avg_post)))} | F19: {=IF(B19<2,"",STDEV(IF((grp_f=2)*(inc_f=1)*ISNUMBER(d_fms_avg),fms_avg_post)))} | G19: {=IF(B19<1,"",AVERAGE(IF((grp_f=2)*(inc_f=1)*ISNUMBER(d_fms_avg),d_fms_avg)))} | H19: {=IF(B19<2,"",STDEV(IF((grp_f=2)*(inc_f=1)*ISNUMBER(d_fms_avg),d_fms_avg)))} | I19: =IF(OR(B19<2,H19=""),"",IF(ROUND(H19,10)=0,"",G19/(H19/SQRT(B19)))) | J19: =IF(B19<2,"",B19-1) | K19: =IF(I19="","",TDIST(ABS(I19),J19,2)) | L19: =IF(I19="","",G19-TINV(0.05,J19)*H19/SQRT(B19)) | M19: =IF(I19="","",G19+TINV(0.05,J19)*H19/SQRT(B19)) | N19: =IF(I19="","",G19/H19)
A20: 단위: 점(두 평가자 평균). t는 사후−사전 기준(양수=증가). SPSS는 보통 사전−사후로 계산해 부호가 반대입니다.
A22: C. 체중 집단별 사전·사후 (kg) — A와 같은 대상자, 상대 VO2max 해석용
A23: 집단 | B23: n | C23: 사전 M | D23: 사전 SD | E23: 사후 M | F23: 사후 SD | G23: 변화 M (사후−사전) | H23: 변화 SD | I23: 대응 t (사후−사전) | J23: df | K23: p (양측) | L23: 변화 95% CI 하한 | M23: 변화 95% CI 상한 | N23: 효과크기 dz
A24: 실험군 | B24: =SUMPRODUCT((grp=1)*(inc=1)*ISNUMBER(d_wt)*ISNUMBER(d_vo2)) | C24: {=IF(B24<1,"",AVERAGE(IF((grp=1)*(inc=1)*ISNUMBER(d_wt)*ISNUMBER(d_vo2),wt_pre)))} | D24: {=IF(B24<2,"",STDEV(IF((grp=1)*(inc=1)*ISNUMBER(d_wt)*ISNUMBER(d_vo2),wt_pre)))} | E24: {=IF(B24<1,"",AVERAGE(IF((grp=1)*(inc=1)*ISNUMBER(d_wt)*ISNUMBER(d_vo2),wt_post)))} | F24: {=IF(B24<2,"",STDEV(IF((grp=1)*(inc=1)*ISNUMBER(d_wt)*ISNUMBER(d_vo2),wt_post)))} | G24: {=IF(B24<1,"",AVERAGE(IF((grp=1)*(inc=1)*ISNUMBER(d_wt)*ISNUMBER(d_vo2),d_wt)))} | H24: {=IF(B24<2,"",STDEV(IF((grp=1)*(inc=1)*ISNUMBER(d_wt)*ISNUMBER(d_vo2),d_wt)))} | I24: =IF(OR(B24<2,H24=""),"",IF(ROUND(H24,10)=0,"",G24/(H24/SQRT(B24)))) | J24: =IF(B24<2,"",B24-1) | K24: =IF(I24="","",TDIST(ABS(I24),J24,2)) | L24: =IF(I24="","",G24-TINV(0.05,J24)*H24/SQRT(B24)) | M24: =IF(I24="","",G24+TINV(0.05,J24)*H24/SQRT(B24)) | N24: =IF(I24="","",G24/H24)
A25: 통제군 | B25: =SUMPRODUCT((grp=2)*(inc=1)*ISNUMBER(d_wt)*ISNUMBER(d_vo2)) | C25: {=IF(B25<1,"",AVERAGE(IF((grp=2)*(inc=1)*ISNUMBER(d_wt)*ISNUMBER(d_vo2),wt_pre)))} | D25: {=IF(B25<2,"",STDEV(IF((grp=2)*(inc=1)*ISNUMBER(d_wt)*ISNUMBER(d_vo2),wt_pre)))} | E25: {=IF(B25<1,"",AVERAGE(IF((grp=2)*(inc=1)*ISNUMBER(d_wt)*ISNUMBER(d_vo2),wt_post)))} | F25: {=IF(B25<2,"",STDEV(IF((grp=2)*(inc=1)*ISNUMBER(d_wt)*ISNUMBER(d_vo2),wt_post)))} | G25: {=IF(B25<1,"",AVERAGE(IF((grp=2)*(inc=1)*ISNUMBER(d_wt)*ISNUMBER(d_vo2),d_wt)))} | H25: {=IF(B25<2,"",STDEV(IF((grp=2)*(inc=1)*ISNUMBER(d_wt)*ISNUMBER(d_vo2),d_wt)))} | I25: =IF(OR(B25<2,H25=""),"",IF(ROUND(H25,10)=0,"",G25/(H25/SQRT(B25)))) | J25: =IF(B25<2,"",B25-1) | K25: =IF(I25="","",TDIST(ABS(I25),J25,2)) | L25: =IF(I25="","",G25-TINV(0.05,J25)*H25/SQRT(B25)) | M25: =IF(I25="","",G25+TINV(0.05,J25)*H25/SQRT(B25)) | N25: =IF(I25="","",G25/H25)
A26: 단위: kg. t는 사후−사전 기준(양수=증가). SPSS는 보통 사전−사후로 계산해 부호가 반대입니다.
A28: D. 집단×시기 상호작용: VO2max (변화량의 집단 비교)
A29: 비교 | B29: n 실험 | C29: n 통제 | D29: 변화 M 차 (실험−통제) | E29: 합동 SD | F29: 독립 t | G29: df | H29: F(1, df) | I29: p | J29: 부분 η² | K29: 차이 95% CI 하한 | L29: 차이 95% CI 상한
A30: 실험 vs 통제 | B30: =B6 | C30: =B7 | D30: =IF(OR(B30<2,C30<2),"",G6-G7) | E30: =IF(D30="","",SQRT(((B30-1)*H6^2+(C30-1)*H7^2)/(B30+C30-2))) | F30: =IF(D30="","",IF(ROUND(E30,10)=0,"",D30/(E30*SQRT(1/B30+1/C30)))) | G30: =IF(F30="","",B30+C30-2) | H30: =IF(F30="","",F30^2) | I30: =IF(F30="","",TDIST(ABS(F30),G30,2)) | J30: =IF(F30="","",H30/(H30+G30)) | K30: =IF(F30="","",D30-TINV(0.05,G30)*E30*SQRT(1/B30+1/C30)) | L30: =IF(F30="","",D30+TINV(0.05,G30)*E30*SQRT(1/B30+1/C30))
A32: E. 집단×시기 상호작용: FMS 총점
A33: 비교 | B33: n 실험 | C33: n 통제 | D33: 변화 M 차 (실험−통제) | E33: 합동 SD | F33: 독립 t | G33: df | H33: F(1, df) | I33: p | J33: 부분 η² | K33: 차이 95% CI 하한 | L33: 차이 95% CI 상한
A34: 실험 vs 통제 | B34: =B12 | C34: =B13 | D34: =IF(OR(B34<2,C34<2),"",G12-G13) | E34: =IF(D34="","",SQRT(((B34-1)*H12^2+(C34-1)*H13^2)/(B34+C34-2))) | F34: =IF(D34="","",IF(ROUND(E34,10)=0,"",D34/(E34*SQRT(1/B34+1/C34)))) | G34: =IF(F34="","",B34+C34-2) | H34: =IF(F34="","",F34^2) | I34: =IF(F34="","",TDIST(ABS(F34),G34,2)) | J34: =IF(F34="","",H34/(H34+G34)) | K34: =IF(F34="","",D34-TINV(0.05,G34)*E34*SQRT(1/B34+1/C34)) | L34: =IF(F34="","",D34+TINV(0.05,G34)*E34*SQRT(1/B34+1/C34))
A36: E-2. 집단×시기 상호작용: FMS 두 평가자 평균 총점
A37: 비교 | B37: n 실험 | C37: n 통제 | D37: 변화 M 차 (실험−통제) | E37: 합동 SD | F37: 독립 t | G37: df | H37: F(1, df) | I37: p | J37: 부분 η² | K37: 차이 95% CI 하한 | L37: 차이 95% CI 상한
A38: 실험 vs 통제 | B38: =B18 | C38: =B19 | D38: =IF(OR(B38<2,C38<2),"",G18-G19) | E38: =IF(D38="","",SQRT(((B38-1)*H18^2+(C38-1)*H19^2)/(B38+C38-2))) | F38: =IF(D38="","",IF(ROUND(E38,10)=0,"",D38/(E38*SQRT(1/B38+1/C38)))) | G38: =IF(F38="","",B38+C38-2) | H38: =IF(F38="","",F38^2) | I38: =IF(F38="","",TDIST(ABS(F38),G38,2)) | J38: =IF(F38="","",H38/(H38+G38)) | K38: =IF(F38="","",D38-TINV(0.05,G38)*E38*SQRT(1/B38+1/C38)) | L38: =IF(F38="","",D38+TINV(0.05,G38)*E38*SQRT(1/B38+1/C38))
A40: F. 사전 동질성: VO2max 사전값
A41: 비교 | B41: n 실험 | C41: n 통제 | D41: 사전 M 차 (실험−통제) | E41: 합동 SD | F41: 독립 t | G41: df | H41: F(1, df) | I41: p | J41: 부분 η² | K41: 차이 95% CI 하한 | L41: 차이 95% CI 상한
A42: 실험 vs 통제 | B42: =B6 | C42: =B7 | D42: =IF(OR(B42<2,C42<2),"",C6-C7) | E42: =IF(D42="","",SQRT(((B42-1)*D6^2+(C42-1)*D7^2)/(B42+C42-2))) | F42: =IF(D42="","",IF(ROUND(E42,10)=0,"",D42/(E42*SQRT(1/B42+1/C42)))) | G42: =IF(F42="","",B42+C42-2) | H42: =IF(F42="","",F42^2) | I42: =IF(F42="","",TDIST(ABS(F42),G42,2)) | J42: =IF(F42="","",H42/(H42+G42)) | K42: =IF(F42="","",D42-TINV(0.05,G42)*E42*SQRT(1/B42+1/C42)) | L42: =IF(F42="","",D42+TINV(0.05,G42)*E42*SQRT(1/B42+1/C42))
A43: 사전 동질성은 독립 t와 p, 효과크기만 보세요(F·η² 열은 해당 없음). p > .05가 '동질성 입증'은 아닙니다.
A44: G. 사전 동질성: FMS 사전 총점
A45: 비교 | B45: n 실험 | C45: n 통제 | D45: 사전 M 차 (실험−통제) | E45: 합동 SD | F45: 독립 t | G45: df | H45: F(1, df) | I45: p | J45: 부분 η² | K45: 차이 95% CI 하한 | L45: 차이 95% CI 상한
A46: 실험 vs 통제 | B46: =B12 | C46: =B13 | D46: =IF(OR(B46<2,C46<2),"",C12-C13) | E46: =IF(D46="","",SQRT(((B46-1)*D12^2+(C46-1)*D13^2)/(B46+C46-2))) | F46: =IF(D46="","",IF(ROUND(E46,10)=0,"",D46/(E46*SQRT(1/B46+1/C46)))) | G46: =IF(F46="","",B46+C46-2) | H46: =IF(F46="","",F46^2) | I46: =IF(F46="","",TDIST(ABS(F46),G46,2)) | J46: =IF(F46="","",H46/(H46+G46)) | K46: =IF(F46="","",D46-TINV(0.05,G46)*E46*SQRT(1/B46+1/C46)) | L46: =IF(F46="","",D46+TINV(0.05,G46)*E46*SQRT(1/B46+1/C46))
A47: 사전 동질성은 독립 t와 p, 효과크기만 보세요(F·η² 열은 해당 없음). p > .05가 '동질성 입증'은 아닙니다.
A49: H. 포스터 보고값과 입력 자료 재계산값의 차이 (기록용)
A50: '다름'은 고칠 대상이 아니라 그 자체로 보고할 결과입니다. 원 기록지·측정 출력물의 값을 그대로 입력하고, 포스터 값에 맞추려고 원자료를 고치거나 대상자를 제외(분석포함=0)하지 마세요. 입력 실수를 고쳤다면 '수정기록' 시트에 남깁니다. 포스터 값 출처: 사용자 제공 원고(3차) 표 3·4. t는 SPSS 관례(사전−사후)로 바꿔 부호까지 비교합니다.
A51: 항목 | B51: 포스터 값 | C51: 입력 자료 재계산 | D51: 차이 | E51: 판정 | F51: t 부호 | G51: 두 평가자 평균 기준 재계산 | H51: 차이 | I51: 판정
A52: VO2max 실험군 n | B52: 13 | C52: =IF(ISNUMBER(B6),B6,"") | D52: =IF(ISNUMBER(C52),C52-B52,"") | E52: =IF(NOT(ISNUMBER(C52)),"",IF(C52=0,"자료 입력 전",IF(C52=B52,"같음","다름")))
A53: VO2max 통제군 n | B53: 12 | C53: =IF(ISNUMBER(B7),B7,"") | D53: =IF(ISNUMBER(C53),C53-B53,"") | E53: =IF(NOT(ISNUMBER(C53)),"",IF(C53=0,"자료 입력 전",IF(C53=B53,"같음","다름")))
A54: VO2max 실험군 사전 M | B54: 48.31 | C54: =IF(ISNUMBER(C6),C6,"") | D54: =IF(ISNUMBER(C54),C54-B54,"") | E54: =IF(NOT(ISNUMBER(C54)),IF(B6=0,"자료 입력 전","계산 불가(n<2 또는 SD=0)"),IF(ROUND(C54,2)=ROUND(B54,2),"같음",IF(ABS(C54-B54)<=1.5*10^(-2),"끝자리 1 차이","다름")))
A55: VO2max 실험군 사전 SD | B55: 4.12 | C55: =IF(ISNUMBER(D6),D6,"") | D55: =IF(ISNUMBER(C55),C55-B55,"") | E55: =IF(NOT(ISNUMBER(C55)),IF(B6=0,"자료 입력 전","계산 불가(n<2 또는 SD=0)"),IF(ROUND(C55,2)=ROUND(B55,2),"같음",IF(ABS(C55-B55)<=1.5*10^(-2),"끝자리 1 차이","다름")))
A56: VO2max 실험군 사후 M | B56: 52.38 | C56: =IF(ISNUMBER(E6),E6,"") | D56: =IF(ISNUMBER(C56),C56-B56,"") | E56: =IF(NOT(ISNUMBER(C56)),IF(B6=0,"자료 입력 전","계산 불가(n<2 또는 SD=0)"),IF(ROUND(C56,2)=ROUND(B56,2),"같음",IF(ABS(C56-B56)<=1.5*10^(-2),"끝자리 1 차이","다름")))
A57: VO2max 실험군 사후 SD | B57: 4.05 | C57: =IF(ISNUMBER(F6),F6,"") | D57: =IF(ISNUMBER(C57),C57-B57,"") | E57: =IF(NOT(ISNUMBER(C57)),IF(B6=0,"자료 입력 전","계산 불가(n<2 또는 SD=0)"),IF(ROUND(C57,2)=ROUND(B57,2),"같음",IF(ABS(C57-B57)<=1.5*10^(-2),"끝자리 1 차이","다름")))
A58: VO2max 실험군 t | B58: -6.184 | C58: =IF(ISNUMBER(I6),-I6,"") | D58: =IF(ISNUMBER(C58),C58-B58,"") | E58: =IF(NOT(ISNUMBER(C58)),IF(B6=0,"자료 입력 전","계산 불가(n<2 또는 SD=0)"),IF(ROUND(C58,3)=ROUND(B58,3),"같음",IF(ABS(C58-B58)<=1.5*10^(-3),"끝자리 1 차이","다름"))) | F58: =IF(ISNUMBER(C58),IF(SIGN(C58)=SIGN(B58),"같음","반대"),"")
A59: VO2max 통제군 t | B59: -1.207 | C59: =IF(ISNUMBER(I7),-I7,"") | D59: =IF(ISNUMBER(C59),C59-B59,"") | E59: =IF(NOT(ISNUMBER(C59)),IF(B7=0,"자료 입력 전","계산 불가(n<2 또는 SD=0)"),IF(ROUND(C59,3)=ROUND(B59,3),"같음",IF(ABS(C59-B59)<=1.5*10^(-3),"끝자리 1 차이","다름"))) | F59: =IF(ISNUMBER(C59),IF(SIGN(C59)=SIGN(B59),"같음","반대"),"")
A60: VO2max 통제군 p | B60: 0.253 | C60: =IF(ISNUMBER(K7),K7,"") | D60: =IF(ISNUMBER(C60),C60-B60,"") | E60: =IF(NOT(ISNUMBER(C60)),IF(B7=0,"자료 입력 전","계산 불가(n<2 또는 SD=0)"),IF(ROUND(C60,3)=ROUND(B60,3),"같음",IF(ABS(C60-B60)<=1.5*10^(-3),"끝자리 1 차이","다름")))
A61: VO2max 상호작용 F | B61: 18.742 | C61: =IF(ISNUMBER(H30),H30,"") | D61: =IF(ISNUMBER(C61),C61-B61,"") | E61: =IF(NOT(ISNUMBER(C61)),IF(B6=0,"자료 입력 전","계산 불가(n<2 또는 SD=0)"),IF(ROUND(C61,3)=ROUND(B61,3),"같음",IF(ABS(C61-B61)<=1.5*10^(-3),"끝자리 1 차이","다름")))
A62: FMS 실험군 n | B62: 13 | C62: =IF(ISNUMBER(B12),B12,"") | D62: =IF(ISNUMBER(C62),C62-B62,"") | E62: =IF(NOT(ISNUMBER(C62)),"",IF(C62=0,"자료 입력 전",IF(C62=B62,"같음","다름"))) | G62: =IF(ISNUMBER(B18),B18,"") | H62: =IF(ISNUMBER(G62),G62-B62,"") | I62: =IF(NOT(ISNUMBER(G62)),"",IF(G62=0,"자료 입력 전",IF(G62=B62,"같음","다름")))
A63: FMS 통제군 n | B63: 12 | C63: =IF(ISNUMBER(B13),B13,"") | D63: =IF(ISNUMBER(C63),C63-B63,"") | E63: =IF(NOT(ISNUMBER(C63)),"",IF(C63=0,"자료 입력 전",IF(C63=B63,"같음","다름"))) | G63: =IF(ISNUMBER(B19),B19,"") | H63: =IF(ISNUMBER(G63),G63-B63,"") | I63: =IF(NOT(ISNUMBER(G63)),"",IF(G63=0,"자료 입력 전",IF(G63=B63,"같음","다름")))
A64: FMS 실험군 사전 M | B64: 14.92 | C64: =IF(ISNUMBER(C12),C12,"") | D64: =IF(ISNUMBER(C64),C64-B64,"") | E64: =IF(NOT(ISNUMBER(C64)),IF(B12=0,"자료 입력 전","계산 불가(n<2 또는 SD=0)"),IF(ROUND(C64,2)=ROUND(B64,2),"같음",IF(ABS(C64-B64)<=1.5*10^(-2),"끝자리 1 차이","다름"))) | G64: =IF(ISNUMBER(C18),C18,"") | H64: =IF(ISNUMBER(G64),G64-B64,"") | I64: =IF(NOT(ISNUMBER(G64)),IF(B18=0,"자료 입력 전","계산 불가(n<2 또는 SD=0)"),IF(ROUND(G64,2)=ROUND(B64,2),"같음",IF(ABS(G64-B64)<=1.5*10^(-2),"끝자리 1 차이","다름")))
A65: FMS 실험군 사전 SD | B65: 1.44 | C65: =IF(ISNUMBER(D12),D12,"") | D65: =IF(ISNUMBER(C65),C65-B65,"") | E65: =IF(NOT(ISNUMBER(C65)),IF(B12=0,"자료 입력 전","계산 불가(n<2 또는 SD=0)"),IF(ROUND(C65,2)=ROUND(B65,2),"같음",IF(ABS(C65-B65)<=1.5*10^(-2),"끝자리 1 차이","다름"))) | G65: =IF(ISNUMBER(D18),D18,"") | H65: =IF(ISNUMBER(G65),G65-B65,"") | I65: =IF(NOT(ISNUMBER(G65)),IF(B18=0,"자료 입력 전","계산 불가(n<2 또는 SD=0)"),IF(ROUND(G65,2)=ROUND(B65,2),"같음",IF(ABS(G65-B65)<=1.5*10^(-2),"끝자리 1 차이","다름")))
A66: FMS 실험군 사후 M | B66: 17.08 | C66: =IF(ISNUMBER(E12),E12,"") | D66: =IF(ISNUMBER(C66),C66-B66,"") | E66: =IF(NOT(ISNUMBER(C66)),IF(B12=0,"자료 입력 전","계산 불가(n<2 또는 SD=0)"),IF(ROUND(C66,2)=ROUND(B66,2),"같음",IF(ABS(C66-B66)<=1.5*10^(-2),"끝자리 1 차이","다름"))) | G66: =IF(ISNUMBER(E18),E18,"") | H66: =IF(ISNUMBER(G66),G66-B66,"") | I66: =IF(NOT(ISNUMBER(G66)),IF(B18=0,"자료 입력 전","계산 불가(n<2 또는 SD=0)"),IF(ROUND(G66,2)=ROUND(B66,2),"같음",IF(ABS(G66-B66)<=1.5*10^(-2),"끝자리 1 차이","다름")))
A67: FMS 실험군 사후 SD | B67: 1.32 | C67: =IF(ISNUMBER(F12),F12,"") | D67: =IF(ISNUMBER(C67),C67-B67,"") | E67: =IF(NOT(ISNUMBER(C67)),IF(B12=0,"자료 입력 전","계산 불가(n<2 또는 SD=0)"),IF(ROUND(C67,2)=ROUND(B67,2),"같음",IF(ABS(C67-B67)<=1.5*10^(-2),"끝자리 1 차이","다름"))) | G67: =IF(ISNUMBER(F18),F18,"") | H67: =IF(ISNUMBER(G67),G67-B67,"") | I67: =IF(NOT(ISNUMBER(G67)),IF(B18=0,"자료 입력 전","계산 불가(n<2 또는 SD=0)"),IF(ROUND(G67,2)=ROUND(B67,2),"같음",IF(ABS(G67-B67)<=1.5*10^(-2),"끝자리 1 차이","다름")))
A68: FMS 실험군 t | B68: -7.368 | C68: =IF(ISNUMBER(I12),-I12,"") | D68: =IF(ISNUMBER(C68),C68-B68,"") | E68: =IF(NOT(ISNUMBER(C68)),IF(B12=0,"자료 입력 전","계산 불가(n<2 또는 SD=0)"),IF(ROUND(C68,3)=ROUND(B68,3),"같음",IF(ABS(C68-B68)<=1.5*10^(-3),"끝자리 1 차이","다름"))) | F68: =IF(ISNUMBER(C68),IF(SIGN(C68)=SIGN(B68),"같음","반대"),"") | G68: =IF(ISNUMBER(I18),-I18,"") | H68: =IF(ISNUMBER(G68),G68-B68,"") | I68: =IF(NOT(ISNUMBER(G68)),IF(B18=0,"자료 입력 전","계산 불가(n<2 또는 SD=0)"),IF(ROUND(G68,3)=ROUND(B68,3),"같음",IF(ABS(G68-B68)<=1.5*10^(-3),"끝자리 1 차이","다름")))
A69: FMS 통제군 t | B69: -1.483 | C69: =IF(ISNUMBER(I13),-I13,"") | D69: =IF(ISNUMBER(C69),C69-B69,"") | E69: =IF(NOT(ISNUMBER(C69)),IF(B13=0,"자료 입력 전","계산 불가(n<2 또는 SD=0)"),IF(ROUND(C69,3)=ROUND(B69,3),"같음",IF(ABS(C69-B69)<=1.5*10^(-3),"끝자리 1 차이","다름"))) | F69: =IF(ISNUMBER(C69),IF(SIGN(C69)=SIGN(B69),"같음","반대"),"") | G69: =IF(ISNUMBER(I19),-I19,"") | H69: =IF(ISNUMBER(G69),G69-B69,"") | I69: =IF(NOT(ISNUMBER(G69)),IF(B19=0,"자료 입력 전","계산 불가(n<2 또는 SD=0)"),IF(ROUND(G69,3)=ROUND(B69,3),"같음",IF(ABS(G69-B69)<=1.5*10^(-3),"끝자리 1 차이","다름")))
A70: FMS 통제군 p | B70: 0.166 | C70: =IF(ISNUMBER(K13),K13,"") | D70: =IF(ISNUMBER(C70),C70-B70,"") | E70: =IF(NOT(ISNUMBER(C70)),IF(B13=0,"자료 입력 전","계산 불가(n<2 또는 SD=0)"),IF(ROUND(C70,3)=ROUND(B70,3),"같음",IF(ABS(C70-B70)<=1.5*10^(-3),"끝자리 1 차이","다름"))) | G70: =IF(ISNUMBER(K19),K19,"") | H70: =IF(ISNUMBER(G70),G70-B70,"") | I70: =IF(NOT(ISNUMBER(G70)),IF(B19=0,"자료 입력 전","계산 불가(n<2 또는 SD=0)"),IF(ROUND(G70,3)=ROUND(B70,3),"같음",IF(ABS(G70-B70)<=1.5*10^(-3),"끝자리 1 차이","다름")))
A71: FMS 상호작용 F | B71: 21.396 | C71: =IF(ISNUMBER(H34),H34,"") | D71: =IF(ISNUMBER(C71),C71-B71,"") | E71: =IF(NOT(ISNUMBER(C71)),IF(B12=0,"자료 입력 전","계산 불가(n<2 또는 SD=0)"),IF(ROUND(C71,3)=ROUND(B71,3),"같음",IF(ABS(C71-B71)<=1.5*10^(-3),"끝자리 1 차이","다름"))) | G71: =IF(ISNUMBER(H38),H38,"") | H71: =IF(ISNUMBER(G71),G71-B71,"") | I71: =IF(NOT(ISNUMBER(G71)),IF(B18=0,"자료 입력 전","계산 불가(n<2 또는 SD=0)"),IF(ROUND(G71,3)=ROUND(B71,3),"같음",IF(ABS(G71-B71)<=1.5*10^(-3),"끝자리 1 차이","다름")))
A72: 포스터 값(파란 글씨)은 원고에 옮겨진 숫자 그대로이며 수정하지 않습니다. FMS를 SPSS총점으로 대체한 값이 있으면(J 참고) FMS 비교는 원자료 검증이 아니라 기존 SPSS 값의 재집계입니다.
A74: I. FMS 하위항목 점수 (B와 같은 대상자; SPSS총점만 있는 행은 하위항목 없음)
A75: 항목 | B75: 실험 n | C75: 실험 사전 M | D75: 실험 사후 M | E75: 실험 변화 | F75: 통제 n | G75: 통제 사전 M | H75: 통제 사후 M | I75: 통제 변화
A76: DS (Deep Squat) | B76: =SUMPRODUCT((grp_f=1)*(inc_f=1)*ISNUMBER(d_fms)*ISNUMBER(DS_pre_s)*ISNUMBER(DS_post_s)) | C76: {=IF(B76<1,"",AVERAGE(IF((grp_f=1)*(inc_f=1)*ISNUMBER(d_fms)*ISNUMBER(DS_pre_s)*ISNUMBER(DS_post_s),DS_pre_s)))} | D76: {=IF(B76<1,"",AVERAGE(IF((grp_f=1)*(inc_f=1)*ISNUMBER(d_fms)*ISNUMBER(DS_pre_s)*ISNUMBER(DS_post_s),DS_post_s)))} | E76: =IF(B76<1,"",D76-C76) | F76: =SUMPRODUCT((grp_f=2)*(inc_f=1)*ISNUMBER(d_fms)*ISNUMBER(DS_pre_s)*ISNUMBER(DS_post_s)) | G76: {=IF(F76<1,"",AVERAGE(IF((grp_f=2)*(inc_f=1)*ISNUMBER(d_fms)*ISNUMBER(DS_pre_s)*ISNUMBER(DS_post_s),DS_pre_s)))} | H76: {=IF(F76<1,"",AVERAGE(IF((grp_f=2)*(inc_f=1)*ISNUMBER(d_fms)*ISNUMBER(DS_pre_s)*ISNUMBER(DS_post_s),DS_post_s)))} | I76: =IF(F76<1,"",H76-G76)
A77: HS (Hurdle Step) | B77: =SUMPRODUCT((grp_f=1)*(inc_f=1)*ISNUMBER(d_fms)*ISNUMBER(HS_pre_s)*ISNUMBER(HS_post_s)) | C77: {=IF(B77<1,"",AVERAGE(IF((grp_f=1)*(inc_f=1)*ISNUMBER(d_fms)*ISNUMBER(HS_pre_s)*ISNUMBER(HS_post_s),HS_pre_s)))} | D77: {=IF(B77<1,"",AVERAGE(IF((grp_f=1)*(inc_f=1)*ISNUMBER(d_fms)*ISNUMBER(HS_pre_s)*ISNUMBER(HS_post_s),HS_post_s)))} | E77: =IF(B77<1,"",D77-C77) | F77: =SUMPRODUCT((grp_f=2)*(inc_f=1)*ISNUMBER(d_fms)*ISNUMBER(HS_pre_s)*ISNUMBER(HS_post_s)) | G77: {=IF(F77<1,"",AVERAGE(IF((grp_f=2)*(inc_f=1)*ISNUMBER(d_fms)*ISNUMBER(HS_pre_s)*ISNUMBER(HS_post_s),HS_pre_s)))} | H77: {=IF(F77<1,"",AVERAGE(IF((grp_f=2)*(inc_f=1)*ISNUMBER(d_fms)*ISNUMBER(HS_pre_s)*ISNUMBER(HS_post_s),HS_post_s)))} | I77: =IF(F77<1,"",H77-G77)
A78: ILL (In-line Lunge) | B78: =SUMPRODUCT((grp_f=1)*(inc_f=1)*ISNUMBER(d_fms)*ISNUMBER(ILL_pre_s)*ISNUMBER(ILL_post_s)) | C78: {=IF(B78<1,"",AVERAGE(IF((grp_f=1)*(inc_f=1)*ISNUMBER(d_fms)*ISNUMBER(ILL_pre_s)*ISNUMBER(ILL_post_s),ILL_pre_s)))} | D78: {=IF(B78<1,"",AVERAGE(IF((grp_f=1)*(inc_f=1)*ISNUMBER(d_fms)*ISNUMBER(ILL_pre_s)*ISNUMBER(ILL_post_s),ILL_post_s)))} | E78: =IF(B78<1,"",D78-C78) | F78: =SUMPRODUCT((grp_f=2)*(inc_f=1)*ISNUMBER(d_fms)*ISNUMBER(ILL_pre_s)*ISNUMBER(ILL_post_s)) | G78: {=IF(F78<1,"",AVERAGE(IF((grp_f=2)*(inc_f=1)*ISNUMBER(d_fms)*ISNUMBER(ILL_pre_s)*ISNUMBER(ILL_post_s),ILL_pre_s)))} | H78: {=IF(F78<1,"",AVERAGE(IF((grp_f=2)*(inc_f=1)*ISNUMBER(d_fms)*ISNUMBER(ILL_pre_s)*ISNUMBER(ILL_post_s),ILL_post_s)))} | I78: =IF(F78<1,"",H78-G78)
A79: SM (Shoulder Mobility) | B79: =SUMPRODUCT((grp_f=1)*(inc_f=1)*ISNUMBER(d_fms)*ISNUMBER(SM_pre_s)*ISNUMBER(SM_post_s)) | C79: {=IF(B79<1,"",AVERAGE(IF((grp_f=1)*(inc_f=1)*ISNUMBER(d_fms)*ISNUMBER(SM_pre_s)*ISNUMBER(SM_post_s),SM_pre_s)))} | D79: {=IF(B79<1,"",AVERAGE(IF((grp_f=1)*(inc_f=1)*ISNUMBER(d_fms)*ISNUMBER(SM_pre_s)*ISNUMBER(SM_post_s),SM_post_s)))} | E79: =IF(B79<1,"",D79-C79) | F79: =SUMPRODUCT((grp_f=2)*(inc_f=1)*ISNUMBER(d_fms)*ISNUMBER(SM_pre_s)*ISNUMBER(SM_post_s)) | G79: {=IF(F79<1,"",AVERAGE(IF((grp_f=2)*(inc_f=1)*ISNUMBER(d_fms)*ISNUMBER(SM_pre_s)*ISNUMBER(SM_post_s),SM_pre_s)))} | H79: {=IF(F79<1,"",AVERAGE(IF((grp_f=2)*(inc_f=1)*ISNUMBER(d_fms)*ISNUMBER(SM_pre_s)*ISNUMBER(SM_post_s),SM_post_s)))} | I79: =IF(F79<1,"",H79-G79)
A80: ASLR (Active Straight Leg Raise) | B80: =SUMPRODUCT((grp_f=1)*(inc_f=1)*ISNUMBER(d_fms)*ISNUMBER(ASLR_pre_s)*ISNUMBER(ASLR_post_s)) | C80: {=IF(B80<1,"",AVERAGE(IF((grp_f=1)*(inc_f=1)*ISNUMBER(d_fms)*ISNUMBER(ASLR_pre_s)*ISNUMBER(ASLR_post_s),ASLR_pre_s)))} | D80: {=IF(B80<1,"",AVERAGE(IF((grp_f=1)*(inc_f=1)*ISNUMBER(d_fms)*ISNUMBER(ASLR_pre_s)*ISNUMBER(ASLR_post_s),ASLR_post_s)))} | E80: =IF(B80<1,"",D80-C80) | F80: =SUMPRODUCT((grp_f=2)*(inc_f=1)*ISNUMBER(d_fms)*ISNUMBER(ASLR_pre_s)*ISNUMBER(ASLR_post_s)) | G80: {=IF(F80<1,"",AVERAGE(IF((grp_f=2)*(inc_f=1)*ISNUMBER(d_fms)*ISNUMBER(ASLR_pre_s)*ISNUMBER(ASLR_post_s),ASLR_pre_s)))} | H80: {=IF(F80<1,"",AVERAGE(IF((grp_f=2)*(inc_f=1)*ISNUMBER(d_fms)*ISNUMBER(ASLR_pre_s)*ISNUMBER(ASLR_post_s),ASLR_post_s)))} | I80: =IF(F80<1,"",H80-G80)
A81: TSPU (Trunk Stability Push-up) | B81: =SUMPRODUCT((grp_f=1)*(inc_f=1)*ISNUMBER(d_fms)*ISNUMBER(TSPU_pre_s)*ISNUMBER(TSPU_post_s)) | C81: {=IF(B81<1,"",AVERAGE(IF((grp_f=1)*(inc_f=1)*ISNUMBER(d_fms)*ISNUMBER(TSPU_pre_s)*ISNUMBER(TSPU_post_s),TSPU_pre_s)))} | D81: {=IF(B81<1,"",AVERAGE(IF((grp_f=1)*(inc_f=1)*ISNUMBER(d_fms)*ISNUMBER(TSPU_pre_s)*ISNUMBER(TSPU_post_s),TSPU_post_s)))} | E81: =IF(B81<1,"",D81-C81) | F81: =SUMPRODUCT((grp_f=2)*(inc_f=1)*ISNUMBER(d_fms)*ISNUMBER(TSPU_pre_s)*ISNUMBER(TSPU_post_s)) | G81: {=IF(F81<1,"",AVERAGE(IF((grp_f=2)*(inc_f=1)*ISNUMBER(d_fms)*ISNUMBER(TSPU_pre_s)*ISNUMBER(TSPU_post_s),TSPU_pre_s)))} | H81: {=IF(F81<1,"",AVERAGE(IF((grp_f=2)*(inc_f=1)*ISNUMBER(d_fms)*ISNUMBER(TSPU_pre_s)*ISNUMBER(TSPU_post_s),TSPU_post_s)))} | I81: =IF(F81<1,"",H81-G81)
A82: RS (Rotary Stability) | B82: =SUMPRODUCT((grp_f=1)*(inc_f=1)*ISNUMBER(d_fms)*ISNUMBER(RS_pre_s)*ISNUMBER(RS_post_s)) | C82: {=IF(B82<1,"",AVERAGE(IF((grp_f=1)*(inc_f=1)*ISNUMBER(d_fms)*ISNUMBER(RS_pre_s)*ISNUMBER(RS_post_s),RS_pre_s)))} | D82: {=IF(B82<1,"",AVERAGE(IF((grp_f=1)*(inc_f=1)*ISNUMBER(d_fms)*ISNUMBER(RS_pre_s)*ISNUMBER(RS_post_s),RS_post_s)))} | E82: =IF(B82<1,"",D82-C82) | F82: =SUMPRODUCT((grp_f=2)*(inc_f=1)*ISNUMBER(d_fms)*ISNUMBER(RS_pre_s)*ISNUMBER(RS_post_s)) | G82: {=IF(F82<1,"",AVERAGE(IF((grp_f=2)*(inc_f=1)*ISNUMBER(d_fms)*ISNUMBER(RS_pre_s)*ISNUMBER(RS_post_s),RS_pre_s)))} | H82: {=IF(F82<1,"",AVERAGE(IF((grp_f=2)*(inc_f=1)*ISNUMBER(d_fms)*ISNUMBER(RS_pre_s)*ISNUMBER(RS_post_s),RS_post_s)))} | I82: =IF(F82<1,"",H82-G82)
A83: 좌우 비대칭 항목 수 | B83: =SUMPRODUCT((grp_f=1)*(inc_f=1)*ISNUMBER(d_fms)*ISNUMBER(asym_pre)*ISNUMBER(asym_post)) | C83: {=IF(B83<1,"",AVERAGE(IF((grp_f=1)*(inc_f=1)*ISNUMBER(d_fms)*ISNUMBER(asym_pre)*ISNUMBER(asym_post),asym_pre)))} | D83: {=IF(B83<1,"",AVERAGE(IF((grp_f=1)*(inc_f=1)*ISNUMBER(d_fms)*ISNUMBER(asym_pre)*ISNUMBER(asym_post),asym_post)))} | E83: =IF(B83<1,"",D83-C83) | F83: =SUMPRODUCT((grp_f=2)*(inc_f=1)*ISNUMBER(d_fms)*ISNUMBER(asym_pre)*ISNUMBER(asym_post)) | G83: {=IF(F83<1,"",AVERAGE(IF((grp_f=2)*(inc_f=1)*ISNUMBER(d_fms)*ISNUMBER(asym_pre)*ISNUMBER(asym_post),asym_pre)))} | H83: {=IF(F83<1,"",AVERAGE(IF((grp_f=2)*(inc_f=1)*ISNUMBER(d_fms)*ISNUMBER(asym_pre)*ISNUMBER(asym_post),asym_post)))} | I83: =IF(F83<1,"",H83-G83)
A85: K. 일반적 특성 (분석포함=1, 대상자_VO2max 시트) — 원고 표 1용
A86: 변수 | B86: 실험 n | C86: 실험 M | D86: 실험 SD | E86: 통제 n | F86: 통제 M | G86: 통제 SD | H86: 표준화 평균차 (SMD)
A87: 연령 (세) | B87: =SUMPRODUCT((grp=1)*(inc=1)*ISNUMBER(age)) | C87: {=IF(B87<1,"",AVERAGE(IF((grp=1)*(inc=1)*ISNUMBER(age),age)))} | D87: {=IF(B87<2,"",STDEV(IF((grp=1)*(inc=1)*ISNUMBER(age),age)))} | E87: =SUMPRODUCT((grp=2)*(inc=1)*ISNUMBER(age)) | F87: {=IF(E87<1,"",AVERAGE(IF((grp=2)*(inc=1)*ISNUMBER(age),age)))} | G87: {=IF(E87<2,"",STDEV(IF((grp=2)*(inc=1)*ISNUMBER(age),age)))} | H87: =IF(OR(B87<2,E87<2),"",IF(ROUND(SQRT(((B87-1)*D87^2+(E87-1)*G87^2)/(B87+E87-2)),10)=0,"",(C87-F87)/SQRT(((B87-1)*D87^2+(E87-1)*G87^2)/(B87+E87-2))))
A88: 신장 (cm) | B88: =SUMPRODUCT((grp=1)*(inc=1)*ISNUMBER(height)) | C88: {=IF(B88<1,"",AVERAGE(IF((grp=1)*(inc=1)*ISNUMBER(height),height)))} | D88: {=IF(B88<2,"",STDEV(IF((grp=1)*(inc=1)*ISNUMBER(height),height)))} | E88: =SUMPRODUCT((grp=2)*(inc=1)*ISNUMBER(height)) | F88: {=IF(E88<1,"",AVERAGE(IF((grp=2)*(inc=1)*ISNUMBER(height),height)))} | G88: {=IF(E88<2,"",STDEV(IF((grp=2)*(inc=1)*ISNUMBER(height),height)))} | H88: =IF(OR(B88<2,E88<2),"",IF(ROUND(SQRT(((B88-1)*D88^2+(E88-1)*G88^2)/(B88+E88-2)),10)=0,"",(C88-F88)/SQRT(((B88-1)*D88^2+(E88-1)*G88^2)/(B88+E88-2))))
A89: 사전 체중 (kg) | B89: =SUMPRODUCT((grp=1)*(inc=1)*ISNUMBER(wt_pre)) | C89: {=IF(B89<1,"",AVERAGE(IF((grp=1)*(inc=1)*ISNUMBER(wt_pre),wt_pre)))} | D89: {=IF(B89<2,"",STDEV(IF((grp=1)*(inc=1)*ISNUMBER(wt_pre),wt_pre)))} | E89: =SUMPRODUCT((grp=2)*(inc=1)*ISNUMBER(wt_pre)) | F89: {=IF(E89<1,"",AVERAGE(IF((grp=2)*(inc=1)*ISNUMBER(wt_pre),wt_pre)))} | G89: {=IF(E89<2,"",STDEV(IF((grp=2)*(inc=1)*ISNUMBER(wt_pre),wt_pre)))} | H89: =IF(OR(B89<2,E89<2),"",IF(ROUND(SQRT(((B89-1)*D89^2+(E89-1)*G89^2)/(B89+E89-2)),10)=0,"",(C89-F89)/SQRT(((B89-1)*D89^2+(E89-1)*G89^2)/(B89+E89-2))))
A90: 선수 경력 (년) | B90: =SUMPRODUCT((grp=1)*(inc=1)*ISNUMBER(career)) | C90: {=IF(B90<1,"",AVERAGE(IF((grp=1)*(inc=1)*ISNUMBER(career),career)))} | D90: {=IF(B90<2,"",STDEV(IF((grp=1)*(inc=1)*ISNUMBER(career),career)))} | E90: =SUMPRODUCT((grp=2)*(inc=1)*ISNUMBER(career)) | F90: {=IF(E90<1,"",AVERAGE(IF((grp=2)*(inc=1)*ISNUMBER(career),career)))} | G90: {=IF(E90<2,"",STDEV(IF((grp=2)*(inc=1)*ISNUMBER(career),career)))} | H90: =IF(OR(B90<2,E90<2),"",IF(ROUND(SQRT(((B90-1)*D90^2+(E90-1)*G90^2)/(B90+E90-2)),10)=0,"",(C90-F90)/SQRT(((B90-1)*D90^2+(E90-1)*G90^2)/(B90+E90-2))))
A91: 성별 남 / 여 (명) | B91: =SUMPRODUCT((grp=1)*(inc=1)*(sex=1))&" / "&SUMPRODUCT((grp=1)*(inc=1)*(sex=2)) | E91: =SUMPRODUCT((grp=2)*(inc=1)*(sex=1))&" / "&SUMPRODUCT((grp=2)*(inc=1)*(sex=2))
A92: SMD = 집단 평균 차 ÷ 합동 SD (절댓값 0.1 미만이면 균형이 좋은 편). 기초 균형은 p값보다 SMD로 보고하는 것을 권합니다.
A94: J. 자료 점검 요약
A95: 대상자_VO2max 입력 인원 (ID 기준) | B95: =SUMPRODUCT(--(LEN('대상자_VO2max'!$A$4:$A$33)>0))
A96: FMS 시트 입력 ID 수 | B96: =SUMPRODUCT(--(LEN('FMS'!$A$4:$A$33)>0))
A97: FMS_평가자2 입력 ID 수 | B97: =SUMPRODUCT(--(LEN('FMS_평가자2'!$A$4:$A$33)>0))
A98: 대상자 시트 경고가 있는 행 수 | B98: =SUMPRODUCT(--(LEN('대상자_VO2max'!$AK$4:$AK$33)>0))
A99: FMS 시트 경고가 있는 행 수 | B99: =SUMPRODUCT(--(LEN('FMS'!$BS$4:$BS$33)>0))
A100: FMS_평가자2 시트 경고가 있는 행 수 | B100: =SUMPRODUCT(--(LEN('FMS_평가자2'!$BA$4:$BA$33)>0))
A101: FMS 시트 ID 중 대상자 시트에 없는 ID 수 | B101: =COUNTIF('FMS'!$B$4:$B$33,"ID없음")
A102: 계산총점 ≠ SPSS총점인 행 수 | B102: =SUMPRODUCT(--ISNUMBER(SEARCH("≠SPSS총점",'FMS'!$BS$4:$BS$33)))
A103: 총점이 정수가 아닌 행 수 | B103: =SUMPRODUCT(--ISNUMBER(SEARCH("정수 아님",'FMS'!$BS$4:$BS$33)))
A104: 하위항목 없이 SPSS총점으로 대체된 FMS 값 수 (사전+사후) | B104: =COUNTIF('FMS'!$BL$4:$BL$33,"SPSS총점")+COUNTIF('FMS'!$BM$4:$BM$33,"SPSS총점")
A105: clearing test 기록이 3개 미만인 FMS 측정 수 (통증 없음으로 계산됨) | B105: =COUNTIF('FMS'!$AX$4:$AX$33,"<3")+COUNTIF('FMS'!$BH$4:$BH$33,"<3")
A106: 수정기록 건수 | B106: =COUNTA('수정기록'!$C$4:$C$103)
A107: 머리글·예시 행이 정렬 등으로 섞였는가 (1이면 Ctrl+Z로 되돌리기; 예시 행을 지워도 1) | B107: =IF(AND('대상자_VO2max'!$A$3="예시",'FMS'!$A$3="예시",'FMS_평가자2'!$A$3="예시",'출석_훈련기록'!$A$3="예시"),0,1)

Sheet 수정기록
A1: 수정기록 (입력 실수를 고친 경우에만; 원래 값과 근거를 남깁니다)
A2: 수정일 | B2: 시트 | C2: ID | D2: 변수(1행 이름) | E2: 원래 값 | F2: 수정한 값 | G2: 수정 사유 | H2: 근거 문서 (기록지·출력물 등)
A3: 46315 | B3: 대상자_VO2max | C3: 예시 | D3: vo2_post | E3: 25.24 | F3: 52.42 | G3: 자릿수 전사 실수 | H3: 가스분석기 출력물 2025-05-30
