Workbook

Sheet 입력
A1: 노란 칸에 대상자별 값을 입력하세요. 성별: 1=남, 2=여. 모르는 값은 빈칸. 사전 VO2max와 FMS 총점은 사전사후 입력 시트의 사전값과 같은 값을 넣으면 됩니다. 결과는 '표1' 시트에 원고 표 1 형식으로 계산됩니다.
A2: ID | B2: 집단 1=실험 2=통제 | C2: 성별 1=남 2=여 | D2: 연령 (세) | E2: 신장 (cm) | F2: 체중 (kg) | G2: 선수 경력 (년) | H2: 사전 VO2max (mL/kg/min) | I2: 사전 FMS 총점 (점)
A4: 예시 | B4: (예시) | C4: 1 | D4: 21 | E4: 175.2 | F4: 68.4 | G4: 9.5 | H4: 47.85 | I4: 14
A5: E01 | B5: 1
A6: E02 | B6: 1
A7: E03 | B7: 1
A8: E04 | B8: 1
A9: E05 | B9: 1
A10: E06 | B10: 1
A11: E07 | B11: 1
A12: E08 | B12: 1
A13: E09 | B13: 1
A14: E10 | B14: 1
A15: E11 | B15: 1
A16: E12 | B16: 1
... A29: C12 | B29: 2

Sheet 표1
A1: 표 1. 대상자의 일반적 특성과 사전 종속변인 (원고에 그대로 옮길 값은 '논문 표기' 열)
A2: 값은 평균±표준편차. p는 독립표본 t검정(등분산 가정), 성별은 Fisher의 정확검정(양측). 값이 비어 있는 대상자는 그 변인에서만 제외됩니다.
A4: 변인 | B4: 실험군 n | C4: 실험군 M | D4: 실험군 SD | E4: 통제군 n | F4: 통제군 M | G4: 통제군 SD | H4: t | I4: df | J4: p | K4: 실험군 (논문 표기) | L4: 통제군 (논문 표기) | M4: p (논문 표기)
A5: 연령 (세) | B5: =SUMPRODUCT(('입력'!$B$5:$B$34=1)*ISNUMBER('입력'!$D$5:$D$34)) | C5: {=IF(B5<1,"",AVERAGE(IF(('입력'!$B$5:$B$34=1)*ISNUMBER('입력'!$D$5:$D$34),'입력'!$D$5:$D$34)))} | D5: {=IF(B5<2,"",STDEV(IF(('입력'!$B$5:$B$34=1)*ISNUMBER('입력'!$D$5:$D$34),'입력'!$D$5:$D$34)))} | E5: =SUMPRODUCT(('입력'!$B$5:$B$34=2)*ISNUMBER('입력'!$D$5:$D$34)) | F5: {=IF(E5<1,"",AVERAGE(IF(('입력'!$B$5:$B$34=2)*ISNUMBER('입력'!$D$5:$D$34),'입력'!$D$5:$D$34)))} | G5: {=IF(E5<2,"",STDEV(IF(('입력'!$B$5:$B$34=2)*ISNUMBER('입력'!$D$5:$D$34),'입력'!$D$5:$D$34)))} | H5: =IF(OR(B5<2,E5<2),"",IF(ROUND(SQRT(((B5-1)*D5^2+(E5-1)*G5^2)/(B5+E5-2)),10)=0,"",(C5-F5)/(SQRT(((B5-1)*D5^2+(E5-1)*G5^2)/(B5+E5-2))*SQRT(1/B5+1/E5)))) | I5: =IF(H5="","",B5+E5-2) | J5: =IF(H5="","",TDIST(ABS(H5),I5,2)) | K5: =IF(C5="","",TEXT(C5,"0.0")&"±"&IF(D5="","",TEXT(D5,"0.0"))) | L5: =IF(F5="","",TEXT(F5,"0.0")&"±"&IF(G5="","",TEXT(G5,"0.0"))) | M5: =IF(J5="","",IF(J5<0.001,"<.001",TEXT(J5,".000")))
A6: 신장 (cm) | B6: =SUMPRODUCT(('입력'!$B$5:$B$34=1)*ISNUMBER('입력'!$E$5:$E$34)) | C6: {=IF(B6<1,"",AVERAGE(IF(('입력'!$B$5:$B$34=1)*ISNUMBER('입력'!$E$5:$E$34),'입력'!$E$5:$E$34)))} | D6: {=IF(B6<2,"",STDEV(IF(('입력'!$B$5:$B$34=1)*ISNUMBER('입력'!$E$5:$E$34),'입력'!$E$5:$E$34)))} | E6: =SUMPRODUCT(('입력'!$B$5:$B$34=2)*ISNUMBER('입력'!$E$5:$E$34)) | F6: {=IF(E6<1,"",AVERAGE(IF(('입력'!$B$5:$B$34=2)*ISNUMBER('입력'!$E$5:$E$34),'입력'!$E$5:$E$34)))} | G6: {=IF(E6<2,"",STDEV(IF(('입력'!$B$5:$B$34=2)*ISNUMBER('입력'!$E$5:$E$34),'입력'!$E$5:$E$34)))} | H6: =IF(OR(B6<2,E6<2),"",IF(ROUND(SQRT(((B6-1)*D6^2+(E6-1)*G6^2)/(B6+E6-2)),10)=0,"",(C6-F6)/(SQRT(((B6-1)*D6^2+(E6-1)*G6^2)/(B6+E6-2))*SQRT(1/B6+1/E6)))) | I6: =IF(H6="","",B6+E6-2) | J6: =IF(H6="","",TDIST(ABS(H6),I6,2)) | K6: =IF(C6="","",TEXT(C6,"0.0")&"±"&IF(D6="","",TEXT(D6,"0.0"))) | L6: =IF(F6="","",TEXT(F6,"0.0")&"±"&IF(G6="","",TEXT(G6,"0.0"))) | M6: =IF(J6="","",IF(J6<0.001,"<.001",TEXT(J6,".000")))
A7: 체중 (kg) | B7: =SUMPRODUCT(('입력'!$B$5:$B$34=1)*ISNUMBER('입력'!$F$5:$F$34)) | C7: {=IF(B7<1,"",AVERAGE(IF(('입력'!$B$5:$B$34=1)*ISNUMBER('입력'!$F$5:$F$34),'입력'!$F$5:$F$34)))} | D7: {=IF(B7<2,"",STDEV(IF(('입력'!$B$5:$B$34=1)*ISNUMBER('입력'!$F$5:$F$34),'입력'!$F$5:$F$34)))} | E7: =SUMPRODUCT(('입력'!$B$5:$B$34=2)*ISNUMBER('입력'!$F$5:$F$34)) | F7: {=IF(E7<1,"",AVERAGE(IF(('입력'!$B$5:$B$34=2)*ISNUMBER('입력'!$F$5:$F$34),'입력'!$F$5:$F$34)))} | G7: {=IF(E7<2,"",STDEV(IF(('입력'!$B$5:$B$34=2)*ISNUMBER('입력'!$F$5:$F$34),'입력'!$F$5:$F$34)))} | H7: =IF(OR(B7<2,E7<2),"",IF(ROUND(SQRT(((B7-1)*D7^2+(E7-1)*G7^2)/(B7+E7-2)),10)=0,"",(C7-F7)/(SQRT(((B7-1)*D7^2+(E7-1)*G7^2)/(B7+E7-2))*SQRT(1/B7+1/E7)))) | I7: =IF(H7="","",B7+E7-2) | J7: =IF(H7="","",TDIST(ABS(H7),I7,2)) | K7: =IF(C7="","",TEXT(C7,"0.0")&"±"&IF(D7="","",TEXT(D7,"0.0"))) | L7: =IF(F7="","",TEXT(F7,"0.0")&"±"&IF(G7="","",TEXT(G7,"0.0"))) | M7: =IF(J7="","",IF(J7<0.001,"<.001",TEXT(J7,".000")))
A8: 선수 경력 (년) | B8: =SUMPRODUCT(('입력'!$B$5:$B$34=1)*ISNUMBER('입력'!$G$5:$G$34)) | C8: {=IF(B8<1,"",AVERAGE(IF(('입력'!$B$5:$B$34=1)*ISNUMBER('입력'!$G$5:$G$34),'입력'!$G$5:$G$34)))} | D8: {=IF(B8<2,"",STDEV(IF(('입력'!$B$5:$B$34=1)*ISNUMBER('입력'!$G$5:$G$34),'입력'!$G$5:$G$34)))} | E8: =SUMPRODUCT(('입력'!$B$5:$B$34=2)*ISNUMBER('입력'!$G$5:$G$34)) | F8: {=IF(E8<1,"",AVERAGE(IF(('입력'!$B$5:$B$34=2)*ISNUMBER('입력'!$G$5:$G$34),'입력'!$G$5:$G$34)))} | G8: {=IF(E8<2,"",STDEV(IF(('입력'!$B$5:$B$34=2)*ISNUMBER('입력'!$G$5:$G$34),'입력'!$G$5:$G$34)))} | H8: =IF(OR(B8<2,E8<2),"",IF(ROUND(SQRT(((B8-1)*D8^2+(E8-1)*G8^2)/(B8+E8-2)),10)=0,"",(C8-F8)/(SQRT(((B8-1)*D8^2+(E8-1)*G8^2)/(B8+E8-2))*SQRT(1/B8+1/E8)))) | I8: =IF(H8="","",B8+E8-2) | J8: =IF(H8="","",TDIST(ABS(H8),I8,2)) | K8: =IF(C8="","",TEXT(C8,"0.0")&"±"&IF(D8="","",TEXT(D8,"0.0"))) | L8: =IF(F8="","",TEXT(F8,"0.0")&"±"&IF(G8="","",TEXT(G8,"0.0"))) | M8: =IF(J8="","",IF(J8<0.001,"<.001",TEXT(J8,".000")))
A9: VO2max (mL/kg/min) | B9: =SUMPRODUCT(('입력'!$B$5:$B$34=1)*ISNUMBER('입력'!$H$5:$H$34)) | C9: {=IF(B9<1,"",AVERAGE(IF(('입력'!$B$5:$B$34=1)*ISNUMBER('입력'!$H$5:$H$34),'입력'!$H$5:$H$34)))} | D9: {=IF(B9<2,"",STDEV(IF(('입력'!$B$5:$B$34=1)*ISNUMBER('입력'!$H$5:$H$34),'입력'!$H$5:$H$34)))} | E9: =SUMPRODUCT(('입력'!$B$5:$B$34=2)*ISNUMBER('입력'!$H$5:$H$34)) | F9: {=IF(E9<1,"",AVERAGE(IF(('입력'!$B$5:$B$34=2)*ISNUMBER('입력'!$H$5:$H$34),'입력'!$H$5:$H$34)))} | G9: {=IF(E9<2,"",STDEV(IF(('입력'!$B$5:$B$34=2)*ISNUMBER('입력'!$H$5:$H$34),'입력'!$H$5:$H$34)))} | H9: =IF(OR(B9<2,E9<2),"",IF(ROUND(SQRT(((B9-1)*D9^2+(E9-1)*G9^2)/(B9+E9-2)),10)=0,"",(C9-F9)/(SQRT(((B9-1)*D9^2+(E9-1)*G9^2)/(B9+E9-2))*SQRT(1/B9+1/E9)))) | I9: =IF(H9="","",B9+E9-2) | J9: =IF(H9="","",TDIST(ABS(H9),I9,2)) | K9: =IF(C9="","",TEXT(C9,"0.00")&"±"&IF(D9="","",TEXT(D9,"0.00"))) | L9: =IF(F9="","",TEXT(F9,"0.00")&"±"&IF(G9="","",TEXT(G9,"0.00"))) | M9: =IF(J9="","",IF(J9<0.001,"<.001",TEXT(J9,".000")))
A10: FMS 총점 (점) | B10: =SUMPRODUCT(('입력'!$B$5:$B$34=1)*ISNUMBER('입력'!$I$5:$I$34)) | C10: {=IF(B10<1,"",AVERAGE(IF(('입력'!$B$5:$B$34=1)*ISNUMBER('입력'!$I$5:$I$34),'입력'!$I$5:$I$34)))} | D10: {=IF(B10<2,"",STDEV(IF(('입력'!$B$5:$B$34=1)*ISNUMBER('입력'!$I$5:$I$34),'입력'!$I$5:$I$34)))} | E10: =SUMPRODUCT(('입력'!$B$5:$B$34=2)*ISNUMBER('입력'!$I$5:$I$34)) | F10: {=IF(E10<1,"",AVERAGE(IF(('입력'!$B$5:$B$34=2)*ISNUMBER('입력'!$I$5:$I$34),'입력'!$I$5:$I$34)))} | G10: {=IF(E10<2,"",STDEV(IF(('입력'!$B$5:$B$34=2)*ISNUMBER('입력'!$I$5:$I$34),'입력'!$I$5:$I$34)))} | H10: =IF(OR(B10<2,E10<2),"",IF(ROUND(SQRT(((B10-1)*D10^2+(E10-1)*G10^2)/(B10+E10-2)),10)=0,"",(C10-F10)/(SQRT(((B10-1)*D10^2+(E10-1)*G10^2)/(B10+E10-2))*SQRT(1/B10+1/E10)))) | I10: =IF(H10="","",B10+E10-2) | J10: =IF(H10="","",TDIST(ABS(H10),I10,2)) | K10: =IF(C10="","",TEXT(C10,"0.00")&"±"&IF(D10="","",TEXT(D10,"0.00"))) | L10: =IF(F10="","",TEXT(F10,"0.00")&"±"&IF(G10="","",TEXT(G10,"0.00"))) | M10: =IF(J10="","",IF(J10<0.001,"<.001",TEXT(J10,".000")))
A11: 성별 (남/여, 명) | B11: =SUMPRODUCT(('입력'!$B$5:$B$34=1)*('입력'!$C$5:$C$34=1)) | C11: =SUMPRODUCT(('입력'!$B$5:$B$34=1)*('입력'!$C$5:$C$34=2)) | E11: =SUMPRODUCT(('입력'!$B$5:$B$34=2)*('입력'!$C$5:$C$34=1)) | F11: =SUMPRODUCT(('입력'!$B$5:$B$34=2)*('입력'!$C$5:$C$34=2)) | J11: {=IF(OR((B11+C11+E11+F11)=0,(B11+E11)=0,(B11+E11)=(B11+C11+E11+F11)),"",MIN(1,SUM(IF(IFERROR(HYPGEOMDIST(ROW($1:$40)-1,(B11+C11),(B11+E11),(B11+C11+E11+F11)),0)<=HYPGEOMDIST(B11,(B11+C11),(B11+E11),(B11+C11+E11+F11))*(1+1E-7),IFERROR(HYPGEOMDIST(ROW($1:$40)-1,(B11+C11),(B11+E11),(B11+C11+E11+F11)),0),0))))} | K11: =B11&" / "&C11 | L11: =E11&" / "&F11 | M11: =IF(J11="","—",IF(J11<0.001,"<.001",TEXT(J11,".000")))
A13: 성별이 모두 같으면(예: 전원 남자) p는 '—'로 표시됩니다. 표 1에서 성별 행 대신 '전원 남자'라고 주석에 적어도 됩니다. 사전 VO2max나 FMS의 p < .05이면 원고의 공분산분석 결과를 함께 보고하세요.
